time,N2_T,N_T,H_T,NH3_T,NH2_T,NH_T,N2,H2,NH3,N2_S,N_S,H_S,NH3_S,NH2_S,NH_S,N_S3
15.0,1.8938024499557397e-10,1.5563037832520368e-07,9.640218919721803e-08,1.3627475513804202e-11,1.256867789694071e-10,2.8264261853321332e-06,0.00025666924130070647,0.0007700032353824452,3.028052328916521e-07,2.8036811466716e-13,2.003115409061661e-09,2.0149675427867313e-09,4.2805772977313045e-12,5.780205417726432e-08,1.0220258331211368e-09,4.1977325696589064e-13
15.0000000001,1.89380468243183e-10,1.556303787949866e-07,9.640219024603527e-08,1.3627480649309292e-11,1.2568673946796186e-10,2.826426184802099e-06,0.00025666924130049625,0.000770003235382483,3.0280523287387384e-07,2.8037020173033417e-13,2.0031154165159098e-09,2.014967452992126e-09,4.280582931190259e-12,5.780205370446697e-08,1.0220263750888313e-09,4.1977316411914455e-13
15.0000000002,1.8938067991117567e-10,1.5563037926477058e-07,9.640219129493838e-08,1.3627485782916315e-11,1.2568669996473656e-10,2.8264261842720537e-06,0.0002566692413002968,0.0007700032353825208,3.028052328560973e-07,2.803730924047507e-13,2.0031154239701545e-09,2.0149673631975642e-09,4.280588564793757e-12,5.780205323167098e-08,1.0220269170670218e-09,4.1977307127901035e-13
15.000000002363645,1.894368204235538e-10,1.5563038942959246e-07,9.640221415655833e-08,1.3627610732722216e-11,1.2568581875542588e-10,2.8264261726438304e-06,0.00025666924121221557,0.0007700032353832539,3.0280523245440577e-07,3.126407466186849e-13,2.003115585379865e-09,2.014965420532141e-09,4.280713648758025e-12,5.7802043028115274e-08,1.0220388033021434e-09,4.1977116999272165e-13
15.000000002443825,1.8942491861890546e-10,1.5563038980625186e-07,9.640221497241512e-08,1.3627611685481665e-11,1.2568578549370538e-10,2.826426172208979e-06,0.00025666924122231155,0.0007700032353832967,3.0280523244313604e-07,3.1445871288580783e-13,2.003115591364242e-09,2.014965348544826e-09,4.2807183456396004e-12,5.780204265065702e-08,1.0220392476790903e-09,4.197711021948516e-13
15.000000002524004,1.8941379008985978e-10,1.5563039018290844e-07,9.640221579007646e-08,1.3627612841788e-11,1.2568575168110785e-10,2.8264261717707986e-06,0.0002566692412309571,0.0007700032353833387,3.0280523243159607e-07,3.1695378102953147e-13,2.00311559735136e-09,2.0149652765607482e-09,4.280723109205735e-12,5.780204227374622e-08,1.0220396953859543e-09,4.19771036641819e-13
15.000000002604184,1.8940544883661518e-10,1.5563039055956453e-07,9.640221661406569e-08,1.3627614731538145e-11,1.2568571727475997e-10,2.8264261713290667e-06,0.0002566692412360694,0.0007700032353833774,3.028052324192492e-07,3.201948675630272e-13,2.0031156033414427e-09,2.0149652045802345e-09,4.280727946205817e-12,5.780204189741797e-08,1.0220401466505879e-09,4.1977097348356775e-13
15.000000002684363,1.8939953408959254e-10,1.5563039093621907e-07,9.640221744357212e-08,1.3627617259743254e-11,1.2568568220268092e-10,2.8264261708833398e-06,0.0002566692412379244,0.0007700032353834134,3.0280523240618206e-07,3.242667225766443e-13,2.0031156093348476e-09,2.0149651326036876e-09,4.280732864990505e-12,5.78020415217456e-08,1.0220406019155436e-09,4.19770913019323e-13
15.000000002764542,1.8939541690855123e-10,1.5563039131287045e-07,9.640221827718265e-08,1.362762026084452e-11,1.256856463763574e-10,2.826426170433069e-06,0.0002566692412370484,0.0007700032353834473,3.028052323925501e-07,3.2927202827119476e-13,2.0031156153320117e-09,2.014965060631596e-09,4.280737875680845e-12,5.780204114682005e-08,1.02204106172799e-09,4.1977085561938305e-13
15.000000002844722,1.893925774368232e-10,1.556303916895171e-07,9.640221911372905e-08,1.3627623597968627e-11,1.2568560969126682e-10,2.826426169977611e-06,0.00025666924123383814,0.0007700032353834797,3.0280523237847805e-07,3.35333881013144e-13,2.003115621333453e-09,2.0149649886645454e-09,4.280742990405939e-12,5.780204077274783e-08,1.0220415267304879e-09,4.197708017181882e-13
15.000000002924901,1.8939063523369968e-10,1.5563039206615747e-07,9.640221995235618e-08,1.3627627170918056e-11,1.256855720246766e-10,2.8264261695162125e-06,0.0002566692412285276,0.0007700032353835112,3.0280523236405165e-07,3.425987251682329e-13,2.0031156273397815e-09,2.014964916703233e-09,4.280748223591269e-12,5.780204039965311e-08,1.022041997673858e-09,4.197707518229397e-13
15.00000000300508,1.8938932074115796e-10,1.5563039244279e-07,9.64022207924578e-08,1.3627630908653377e-11,1.256855332326142e-10,2.8264261690479964e-06,0.00025666924122121315,0.0007700032353835419,3.0280523234932487e-07,3.512398094339756e-13,2.003115633351713e-09,2.0149648447484835e-09,4.280753592299539e-12,5.780204002768087e-08,1.022042475436023e-09,4.197707065263591e-13
15.00000000308526,1.8938844475131883e-10,1.5563039281941305e-07,9.640222163360804e-08,1.3627634761256872e-11,1.256854931463291e-10,2.8264261685719342e-06,0.00025666924121187985,0.000770003235383572,3.028052323343276e-07,3.614612465706998e-13,2.0031156393700863e-09,2.0149647728012684e-09,4.280759116630947e-12,5.780203965700055e-08,1.0220429610439655e-09,4.1977066652155137e-13
15.00000000316544,1.8938787481681904e-10,1.5563039319602475e-07,9.640222247550836e-08,1.362763869373068e-11,1.256854515682296e-10,2.8264261680868245e-06,0.0002566692412004204,0.0007700032353836018,3.028052323190712e-07,3.7350277072686827e-13,2.0031156453958857e-09,2.01496470086273e-09,4.280764820192016e-12,5.780203928781021e-08,1.0220434556987611e-09,4.1977063261892363e-13
15.000000003245619,1.893875182726226e-10,1.5563039357262304e-07,9.640222331794945e-08,1.3627642681517921e-11,1.2568540826720156e-10,2.826426167591263e-06,0.0002566692411866465,0.0007700032353836313,3.028052323035525e-07,3.876453023610389e-13,2.0031156514302626e-09,2.0149646289342075e-09,4.2807707306438446e-12,5.780203892034126e-08,1.0220439608042561e-09,4.1977060576554987e-13
15.000000003325798,1.8938731027070495e-10,1.5563039394920558e-07,9.640222416078424e-08,1.3627646707350614e-11,1.2568536297319314e-10,2.8264261670836105e-06,0.00025666924117029446,0.0007700032353836606,3.0280523228775643e-07,4.042174490929756e-13,2.0031156574745615e-09,2.014964557017269e-09,4.280776880342411e-12,5.780203855486394e-08,1.0220444780001176e-09,4.1977058706746827e-13
15.000000003405978,1.893872054008844e-10,1.556303943257697e-07,9.640222500390912e-08,1.3627650759048167e-11,1.256853153709339e-10,2.826426166561952e-06,0.0002566692411510258,0.0007700032353836898,3.028052322716573e-07,4.23603092100892e-13,2.0031156635303528e-09,2.014964485113747e-09,4.2807833070856955e-12,5.7802038191693624e-08,1.0220450092000799e-09,4.1977057781546857e-13
15.000000003486157,1.893871718183546e-10,1.5563039470231226e-07,9.640222584725069e-08,1.3627654827959213e-11,1.2568526509263617e-10,2.8264261660240557e-06,0.00025666924112842436,0.0007700032353837188,3.028052322552197e-07,4.462502324890006e-13,2.0031156695994683e-09,2.0149644132257838e-09,4.2807900549848295e-12,5.7802037831198135e-08,1.022045556636324e-09,4.1977057951500434e-13
15.000000003566337,1.8938718713964527e-10,1.5563039507882965e-07,9.640222669075646e-08,1.3627658907875501e-11,1.2568521170950865e-10,2.8264261654673188e-06,0.0002566692411019901,0.0007700032353837478,3.0280523223839844e-07,4.726813007411125e-13,2.0031156756840435e-09,2.0149643413558794e-09,4.2807971754792705e-12,5.780203747380625e-08,1.0220461229110397e-09,4.197705939209311e-13
15.000000003646516,1.8938723557817585e-10,1.556303954553177e-07,9.640222753438845e-08,1.362766299427904e-11,1.2568515472188397e-10,2.826426164888709e-06,0.0002566692410711299,0.0007700032353837766,3.02805232221138e-07,5.035051657439914e-13,2.0031156817865672e-09,2.014964269506952e-09,4.280804728519288e-12,5.780203712001757e-08,1.022046711056374e-09,4.197706230778796e-13
15.000000003726695,1.893873059287988e-10,1.556303958317715e-07,9.640222837811855e-08,1.3627667083795692e-11,1.2568509354773104e-10,2.826426164284693e-06,0.00025666924103514573,0.0007700032353838054,3.0280523220337183e-07,5.39431118762665e-13,2.003115687909938e-09,2.014964197682407e-09,4.280812783942918e-12,5.780203677041404e-08,1.0220473246041686e-09,4.1977066936720686e-13
15.00000000374674,1.893873609339307e-10,1.5563039592627923e-07,9.64022285893745e-08,1.3627668149926724e-11,1.2568512545858377e-10,2.8264261644201468e-06,0.0002566692410836455,0.0007700032353838125,3.028052322045532e-07,4.908793666431783e-13,2.003115689205407e-09,2.0149641794575352e-09,4.280809133059583e-12,5.78020366358199e-08,1.0220471915624001e-09,4.1977048753409855e-13
15.000000003766784,1.8938741368124763e-10,1.5563039602074943e-07,9.640222880060732e-08,1.3627669212254496e-11,1.256851528684713e-10,2.8264261645282866e-06,0.0002566692411266617,0.0007700032353838196,3.0280523220519803e-07,4.4781342339674954e-13,2.0031156905233386e-09,2.0149641612577663e-09,4.280806022310885e-12,5.780203650572563e-08,1.022047085831761e-09,4.197703241619154e-13
15.000000003806873,1.893875047469074e-10,1.5563039620948655e-07,9.640222922293674e-08,1.362767131572031e-11,1.2568518333204136e-10,2.8264261645967616e-06,0.00025666924118303053,0.000770003235383834,3.0280523220358507e-07,3.913595827069156e-13,2.003115693280719e-09,2.014964124994965e-09,4.280802723661966e-12,5.7802036269887456e-08,1.022047022159999e-09,4.19770097282594e-13
15.000000003846962,1.8938758722966043e-10,1.5563039639809342e-07,9.640222964518655e-08,1.3627673405801415e-11,1.2568519817758876e-10,2.8264261645704595e-06,0.00025666924122036996,0.0007700032353838483,3.0280523220011065e-07,3.539437074229076e-13,2.0031156961159683e-09,2.0149640888211908e-09,4.28080129923838e-12,5.780203604966353e-08,1.0220470532557658e-09,4.197699343888604e-13
15.000000004189376,1.893882101064398e-10,1.5563039800731187e-07,9.640223325158442e-08,1.3627691073420831e-11,1.2568511857688527e-10,2.826426163093281e-06,0.00025666924127968135,0.0007700032353839704,3.028052321458422e-07,2.9406118940610715e-13,2.0031157213657202e-09,2.014963780897025e-09,4.280813901460876e-12,5.780203437503137e-08,1.0220485712499165e-09,4.1976939304014655e-13
15.00000000453179,1.8938883625370809e-10,1.5563039961616262e-07,9.640223685903219e-08,1.3627708715520643e-11,1.2568499339407624e-10,2.8264261613394896e-06,0.0002566692412902179,0.0007700032353840918,3.028052320861281e-07,2.8295023778257034e-13,2.0031157468394813e-09,2.0149634733301793e-09,4.280831973028932e-12,5.7802032745964963e-08,1.0220503658174398e-09,4.197690353177932e-13
15.000000006359043,1.8939223896534722e-10,1.556304082015399e-07,9.640225614512159e-08,1.3627802927943441e-11,1.2568427239431096e-10,2.8264261516590474e-06,0.00025666924128950325,0.000770003235384722,3.028052317610652e-07,2.80538247408826e-13,2.003115883030007e-09,2.0149618325540053e-09,4.280934746206243e-12,5.7802024105439976e-08,1.022060263612556e-09,4.197673359360626e-13
15.000000008186296,1.893956454651696e-10,1.556304167872571e-07,9.64022754661424e-08,1.3627897165147784e-11,1.2568354865621696e-10,2.826426141961924e-06,0.0002566692412864531,0.000770003235385335,3.0280523143567e-07,2.804579322792867e-13,2.003116019228676e-09,2.014960191837249e-09,4.281037827090891e-12,5.7802015467501146e-08,1.0220701778805082e-09,4.1976564633674533e-13
15.000000026458835,1.8942921602521158e-10,1.5563050268034056e-07,9.640247167502575e-08,1.3628818370957938e-11,1.2567630247257366e-10,2.826426044926297e-06,0.00025666924125547215,0.0007700032353899898,3.0280522820407686e-07,2.806292804031404e-13,2.0031173808212137e-09,2.0149437858766674e-09,4.282067469215355e-12,5.780192908262972e-08,1.0221693636909401e-09,4.1974875981539213e-13
15.000000044731374,1.8946234991920607e-10,1.5563058860910792e-07,9.640267045407157e-08,1.3629712052945727e-11,1.2566905061357885e-10,2.8264259478414467e-06,0.00025666924122492497,0.0007700032353933834,3.0280522500167293e-07,2.8080355852888073e-13,2.003118742003797e-09,2.014927381070873e-09,4.283095472514312e-12,5.7801842689896556e-08,1.0222685769707758e-09,4.197318733192719e-13
15.000000227456765,1.8977722581865043e-10,1.5563145137270947e-07,9.640475417521585e-08,1.3637356387980452e-11,1.2559636755866428e-10,2.8264249731172777e-06,0.00025666924093594075,0.0007700032353815466,3.0280519448723985e-07,2.8252109040229315e-13,2.003132310336353e-09,2.0147634437891057e-09,4.293161130551311e-12,5.780097785474915e-08,1.0232622241946207e-09,4.1956232493269026e-13
15.000000410182155,1.9008589262790432e-10,1.5563231757699123e-07,9.640687075528962e-08,1.3644477151043549e-11,1.2552365307523172e-10,2.826423994753723e-06,0.0002566692406531659,0.0007700032353554005,3.0280516469842205e-07,2.8423789146466905e-13,2.0031458341355014e-09,2.0145996159769533e-09,4.303027595836612e-12,5.780011208986329e-08,1.024257074734746e-09,4.193919919779045e-13
15.000001598149902,1.9207562623850532e-10,1.5563809388787891e-07,9.642062161212169e-08,1.3688694340190406e-11,1.2505247038196798e-10,2.826417489189718e-06,0.00025666923883152883,0.0007700032352782586,3.028049765327811e-07,2.956176262316003e-13,2.0032318181751814e-09,2.0135391659736048e-09,4.363882872054999e-12,5.779444386744408e-08,1.0307649027532595e-09,4.182622144265979e-13
15.00000278611765,1.9407042298716223e-10,1.556440151599967e-07,9.643414950472832e-08,1.3732157215270225e-11,1.2458420441989936e-10,2.826410841049093e-06,0.00025666923700437425,0.0007700032354000702,3.028047898759185e-07,3.074312433599525e-13,2.0033157849018213e-09,2.0124834897045436e-09,4.424140448026967e-12,5.7788735583567327e-08,1.0373094101582652e-09,4.1711928475717727e-13
15.000005751096513,1.9909352441337064e-10,1.5565970283876504e-07,9.646680902053873e-08,1.383885593655655e-11,1.234300001629562e-10,2.8263933664422736e-06,0.0002566692323973664,0.0007700032368020118,3.028043224596384e-07,3.3908497474735176e-13,2.003511998696624e-09,2.009879964469564e-09,4.579071096798771e-12,5.7774243968335225e-08,1.0538588398835937e-09,4.142646175684345e-13
15.000008716075376,2.041503730746832e-10,1.5567630526884206e-07,9.649806952627993e-08,1.39416179768672e-11,1.2229838562446659e-10,2.8263750025289622e-06,0.00025666922775347104,0.0007700032394452519,3.028038527929217e-07,3.7370640435701204e-13,2.003693592543548e-09,2.007309731857154e-09,4.741730353315204e-12,5.7759509576700875e-08,1.0706164338224984e-09,4.114400275193028e-13
15.000013304186638,2.120599903426993e-10,1.5570311751224074e-07,9.65436404479744e-08,1.4093643417217766e-11,1.2059434662536835e-10,2.826345496754889e-06,0.00025666922047553914,0.0007700032455906744,3.028031180806027e-07,4.343378472996454e-13,2.0039542410315395e-09,2.0033772394652905e-09,5.010875873500691e-12,5.7736404666697884e-08,1.0967911763817695e-09,4.0712795205603413e-13
15.0000178922979,2.2016299758607073e-10,1.557322195542836e-07,9.658555488152282e-08,1.4242674602200102e-11,1.1894265544461805e-10,2.8263138017642722e-06,0.0002566692129926506,0.0007700032549095766,3.028023608171849e-07,5.05912195805924e-13,2.0041724959185416e-09,1.999539099974488e-09,5.3109538559152836e-12,5.77126979987669e-08,1.1234529065753354e-09,4.0298168022658187e-13
15.00002248040916,2.2834763313510898e-10,1.557636652556169e-07,9.662454994402368e-08,1.4383321251004566e-11,1.173537279871662e-10,2.8262798508417643e-06,0.00025666920541654955,0.0007700032670386887,3.0280159168778963e-07,5.882633639683871e-13,2.004342956820328e-09,1.9958059211222496e-09,5.637835809955819e-12,5.768840367105921e-08,1.1505946025907165e-09,3.9896596798582805e-13
15.000029593156802,2.4094942133580604e-10,1.5581719314239414e-07,9.66795959612419e-08,1.4574584466026676e-11,1.1499629651374635e-10,2.826222662213496e-06,0.00025666919373068964,0.000770003291245066,3.028003847185024e-07,7.412940057946846e-13,2.0045004918054468e-09,1.990247567389533e-09,6.201322713662911e-12,5.764964392267794e-08,1.19353494863363e-09,3.9319569923695246e-13
15.000036705904442,2.5366372479961677e-10,1.5587685955379946e-07,9.672801489861908e-08,1.4745927123475914e-11,1.1276096440008055e-10,2.82615968817215e-06,0.0002566691818902846,0.0007700033221483251,3.027991373606483e-07,9.326929001230461e-13,2.0045047665610746e-09,1.9850151819432324e-09,6.848030071453316e-12,5.760960158977217e-08,1.2374199329855777e-09,3.880091054088049e-13
15.000043818652083,2.664383671020749e-10,1.5594311880706992e-07,9.677037853914272e-08,1.4896775889315623e-11,1.106409845184964e-10,2.826090563701361e-06,0.00025666916993711696,0.000770003359612608,3.0279784270836883e-07,1.1710553047966352e-12,2.004325981832957e-09,1.9801720454867893e-09,7.590274133824925e-12,5.756833130956301e-08,1.2821408318253408e-09,3.8350059548182865e-13
15.000050931399723,2.790513553858193e-10,1.5601648539093326e-07,9.680736246909425e-08,1.5020277234278483e-11,1.086307467853658e-10,2.8260148663540823e-06,0.0002566691580815693,0.0007700034034754381,3.0279650242408775e-07,1.4654971552830611e-12,2.0039325098349923e-09,1.9757867502090704e-09,8.437701977851992e-12,5.752588854004357e-08,1.3275877118636936e-09,3.7987469342942405e-13
15.000065857246428,3.044484302340455e-10,1.5619624807138503e-07,9.686956306460119e-08,1.5188789517281707e-11,1.0475220543350726e-10,2.8258324579634534e-06,0.0002566691339937109,0.0007700035162067762,3.027935051232849e-07,2.3193297101063794e-12,2.0022523236321784e-09,1.9684341380557838e-09,1.0614813833537196e-11,5.743328639700566e-08,1.4247250252411802e-09,3.761762066561947e-13
15.000080783093132,3.2737199967126296e-10,1.5641613637814606e-07,9.691415463136979e-08,1.5220813502241654e-11,1.0130813546372601e-10,2.8256139376626273e-06,0.000256669111849717,0.0007700036570859811,3.0279020405591653e-07,3.593690570943234e-12,1.9991299010262332e-09,1.9642843096746956e-09,1.3429192048707916e-11,5.733643512114747e-08,1.5231193935100292e-09,3.8056030195621795e-13
15.000095708939837,3.469432486324885e-10,1.5668337707183702e-07,9.694384456330722e-08,1.5113460631593392e-11,9.827148878062643e-11,2.825353476277688e-06,0.00025666909227728987,0.0007700038271920636,3.027865190002648e-07,5.433805830957981e-12,1.9942049707323105e-09,1.964307234862615e-09,1.6994707729685642e-11,5.723612409690653e-08,1.6211468236996598e-09,3.9831671444019013e-13
15.000110634786541,3.6279048763142395e-10,1.5700510276791652e-07,9.696048565867691e-08,1.4871800865716147e-11,9.565166943155469e-11,2.8250453500983994e-06,0.0002566690753251137,0.0007700040277721885,3.027824204906638e-07,7.9794317799262e-12,1.9871797070754354e-09,1.9694845100427153e-09,2.1359905828594472e-11,5.713344222695267e-08,1.7169323749478054e-09,4.372738653291805e-13
15.000125560633245,3.7229242010941717e-10,1.5738633946074928e-07,9.696838465601251e-08,1.4424757318185178e-11,9.340407855713616e-11,2.824685275404259e-06,0.00025666906339163266,0.0007700042576632826,3.0277819416125144e-07,1.118962744627233e-11,1.977906780302863e-09,1.980422439626719e-09,2.6327862662823135e-11,5.703016958383279e-08,1.8086481400909913e-09,5.047637928086439e-13
15.00014048647995,3.7351442341490424e-10,1.5782970788542625e-07,9.696975875679465e-08,1.3805834246733623e-11,9.152815670299794e-11,2.8242713152775892e-06,0.0002566690581592719,0.0007700045157380216,3.0277388636605494e-07,1.498083720277091e-11,1.966443427204258e-09,1.997324218352008e-09,3.1826405575938383e-11,5.692813814090685e-08,1.8943785394623904e-09,6.075529151084978e-13
15.000155412326654,3.6780832276649605e-10,1.5833343981314702e-07,9.69652149951169e-08,1.3033175973025266e-11,8.997835520535583e-11,2.8238047963952027e-06,0.0002566690580619327,0.0007700047998653153,3.027698716538749e-07,1.9206152893875723e-11,1.953118165064921e-09,2.0197138151711507e-09,3.745927015715478e-11,5.682937369668618e-08,1.9729774696431337e-09,7.502842362202137e-13
15.000170338173358,3.5573432206177795e-10,1.5889040695331457e-07,9.695634611055352e-08,1.2156466209130895e-11,8.868860327844631e-11,2.823291256493538e-06,0.00025666906270501035,0.0007700051053267068,3.0276659525397853e-07,2.3427548362801452e-11,1.938485287658662e-09,2.046379838914789e-09,4.271581177347708e-11,5.6735902984740217e-08,2.044087896465735e-09,9.260097773388113e-13
15.000185264020063,3.390295162283177e-10,1.5948875217720353e-07,9.694405266790183e-08,1.1247741369419128e-11,8.7591896854695e-11,2.8227403979814533e-06,0.00025666907065028316,0.0007700054260411017,3.0276433768488527e-07,2.7262387739677728e-11,1.9232218105019124e-09,2.075656050368623e-09,4.721518286093416e-11,5.6649415286842734e-08,2.107775005628202e-09,1.1206547814832926e-12
15.000200189866767,3.206090713351323e-10,1.601139560062756e-07,9.692819278031428e-08,1.0387020874338484e-11,8.660260690459691e-11,2.8221641874102054e-06,0.00025666907951140143,0.000770005755729411,3.027633074367741e-07,3.0352752048337316e-11,1.90795755004356e-09,2.1058128715715e-09,5.063058113062185e-11,5.6570931088995137e-08,2.164746636062466e-09,1.3110518611711245e-12
15.000215115713472,3.0387416614788355e-10,1.6075261989382692e-07,9.690713286155298e-08,9.666090038407378e-12,8.564736262876415e-11,2.8215743927716e-06,0.00025666908635100334,0.0007700060897703842,3.0276332728423555e-07,3.2577263105400836e-11,1.8931906520149602e-09,2.1356609143996692e-09,5.300513104482217e-11,5.650043745282511e-08,2.215599587119401e-09,1.4765555820484557e-12
15.000230041560176,2.910766436654444e-10,1.613945960963981e-07,9.687936016489246e-08,9.151037632994989e-12,8.46549883419799e-11,2.820980601898933e-06,0.0002566690891192012,0.000770006425189226,3.027640554792269e-07,3.4103476333083526e-11,1.879303431166291e-09,2.16473006126753e-09,5.4577686145586524e-11,5.6436979723610474e-08,2.2608404408553433e-09,1.6118702743766373e-12
15.00024496740688,2.835065291956085e-10,1.6203443462508532e-07,9.684363448505821e-08,8.875136738393814e-12,8.354747853445882e-11,2.8203883889987386e-06,0.00025666908673438574,0.0007700067611119074,3.027652768695243e-07,3.5032464605778156e-11,1.8665379139456536e-09,2.193239967064275e-09,5.550538727190852e-11,5.6378852211873086e-08,2.3013051574690715e-09,1.7043789166465011e-12
15.000259893253585,2.8225811133184787e-10,1.6267041667053898e-07,9.679824847440844e-08,8.852714391388384e-12,8.229453753250555e-11,2.8198002386615987e-06,0.00025666907836914505,0.0007700070985185031,3.0276675144485156e-07,3.530542047467652e-11,1.8551339747550081e-09,2.222059050900756e-09,5.6001605111923285e-11,5.632391764688907e-08,2.337759957306241e-09,1.7461121619185209e-12
15.000277171729186,2.9005923541228743e-10,1.6340032936158097e-07,9.673180125762904e-08,9.163739681785948e-12,8.056251721451094e-11,2.8191264727450427e-06,0.0002566690603329724,0.000770007492278464,3.027686158469648e-07,3.4686271367566324e-11,1.8437798336177839e-09,2.256980083266032e-09,5.616696344439951e-11,5.626180484628805e-08,2.3762108235087686e-09,1.7198180226754592e-12
15.000294450204787,3.059238019669652e-10,1.6412175072750785e-07,9.665062993894423e-08,9.822527397837066e-12,7.861760346056937e-11,2.8184631708650326e-06,0.0002566690351849195,0.0007700078895702876,3.0277074544494816e-07,3.340104494949525e-11,1.834687477531091e-09,2.295139180077706e-09,5.578985219102041e-11,5.619845168793516e-08,2.411301238636902e-09,1.6319849338665568e-12
15.000311728680389,3.2626830392251934e-10,1.648283395659573e-07,9.655828554723929e-08,1.0756037324294988e-11,7.642088021924258e-11,2.8178164422099876e-06,0.00025666900698533744,0.0007700082864151844,3.0277354797309496e-07,3.1329652368899867e-11,1.8282701852851823e-09,2.3376743972858525e-09,5.448635710497409e-11,5.613207150357092e-08,2.4439892500343335e-09,1.5047716602876655e-12
15.00032900715599,3.472187179997489e-10,1.6550631872160088e-07,9.646125326282937e-08,1.1841036386214255e-11,7.408952156874226e-11,2.817197171776151e-06,0.00025666898082514147,0.000770008673629302,3.027775993472282e-07,2.7873220903220422e-11,1.8247766303223356e-09,2.3844048641971594e-09,5.1725367624886834e-11,5.606246276446871e-08,2.4758573549265423e-09,1.3259207391461469e-12
15.000346285631592,3.631524254400903e-10,1.6613607762263932e-07,9.636854730180567e-08,1.2917776147635557e-11,7.166264180146761e-11,2.816621442179376e-06,0.0002566689626104812,0.0007700090377535199,3.027831584020117e-07,2.3447651880294647e-11,1.8242161122535237e-09,2.4332473443644173e-09,4.731512820666096e-11,5.599158817333146e-08,2.507085044431431e-09,1.1263919618745795e-12
15.000360195418114,3.6926784126780603e-10,1.6659413991615988e-07,9.630271735167515e-08,1.3671730238518407e-11,6.961991454710704e-11,2.8162008325231067e-06,0.00025666895678974275,0.0007700093046444426,3.027885440379983e-07,1.9507369587754046e-11,1.82577760456402e-09,2.471619915404256e-09,4.279694645968777e-11,5.593619974952709e-08,2.531324490413774e-09,9.804595919166679e-13
15.000374105204637,3.684819607146999e-10,1.6700092122203985e-07,9.624666239308191e-08,1.4275371259347356e-11,6.773639940448358e-11,2.8158244449727974e-06,0.0002566689593372771,0.0007700095432460172,3.0279433522171037e-07,1.5654311500570922e-11,1.8289572830613542e-09,2.506823533555818e-09,3.783125856992485e-11,5.588447647931738e-08,2.5542352785188323e-09,8.633582270034994e-13
15.00038801499116,3.6088631920790775e-10,1.6735383506309505e-07,9.620032687231548e-08,1.470542368623318e-11,6.57548452887325e-11,2.8154942122935932e-06,0.00025666897002079935,0.0007700097516937839,3.028001073137571e-07,1.1837501104297783e-11,1.8335314936887722e-09,2.5370892982691785e-09,3.283886372764621e-11,5.583909257353522e-08,2.5746862705612483e-09,7.769551514875724e-13
15.000401924777682,3.47314253258437e-10,1.6765391419376425e-07,9.615983357483454e-08,1.49625872996231e-11,6.442616169492147e-11,2.815210438726541e-06,0.0002566689854958526,0.0007700099317271058,3.028055933997339e-07,1.0099970435832259e-11,1.8394296301044106e-09,2.5612182966289448e-09,2.8069729535498235e-11,5.580098680224849e-08,2.5906408368698134e-09,7.540655086147828e-13
15.000404089288075,3.452605647482117e-10,1.6769619062488582e-07,9.61542519300028e-08,1.500593532757822e-11,6.399316321379226e-11,2.815169176456485e-06,0.000256668989148607,0.0007700099571925407,3.028063047856253e-07,8.593395097789773e-12,1.84043924388205e-09,2.5643983327165184e-09,2.7444793166989108e-11,5.579608144761508e-08,2.5936508696030856e-09,7.447077800922473e-13
15.000404496359094,3.4474496646747924e-10,1.6770402327184586e-07,9.615326640977981e-08,1.5010303584364418e-11,6.390731624783999e-11,2.8151616624267058e-06,0.00025666898977795837,0.000770009961889044,3.028064406468932e-07,8.502120542736413e-12,1.8406275951529685e-09,2.5649794471200377e-09,2.7328313411563607e-11,5.579519164078994e-08,2.5940544093107205e-09,7.4130897912101e-13
15.000404903430113,3.4422081496092186e-10,1.677118149172963e-07,9.615225136071372e-08,1.5013267932082977e-11,6.383722613716638e-11,2.815154209914498e-06,0.0002566689904030803,0.0007700099665791416,3.0280658139563885e-07,8.424420021272406e-12,1.8408163571739196e-09,2.56555472026544e-09,2.720814077749129e-11,5.57942960991276e-08,2.594425192655213e-09,7.383440145690204e-13
15.000405310501131,3.4370863694259176e-10,1.677195654459044e-07,9.615121217411703e-08,1.5016753341017544e-11,6.377654570634977e-11,2.815146780470443e-06,0.0002566689910130909,0.00077000997126022,3.0280672343644963e-07,8.350464197910616e-12,1.8410057724836005e-09,2.566124294460062e-09,2.708594539230391e-11,5.579340071722788e-08,2.5948022685182343e-09,7.359075621293213e-13
15.00040612464317,3.4271072231603235e-10,1.6773486418840183e-07,9.614909648688259e-08,1.5025170846439667e-11,6.367557783646164e-11,2.8151320637691456e-06,0.0002566689922127524,0.0007700099805381408,3.0280700843088867e-07,8.19926944503649e-12,1.841388069478678e-09,2.5672355954940525e-09,2.683814920026981e-11,5.579163374398531e-08,2.59556261816468e-09,7.32760929403854e-13
15.00040693878521,3.4170521018050225e-10,1.6775000355978434e-07,9.614697867339157e-08,1.5033447327545607e-11,6.358068857646226e-11,2.815117476190926e-06,0.0002566689934202322,0.0007700099897362232,3.0280729269470066e-07,8.049989722312285e-12,1.8417731071353155e-09,2.5683247105125035e-09,2.6590390909267988e-11,5.578989479529068e-08,2.596312113004274e-09,7.304331288565868e-13
15.000409929026246,3.3790125333925175e-10,1.678045598926697e-07,9.61391996869143e-08,1.5060001840675917e-11,6.324783920538846e-11,2.8150647850255283e-06,0.00025666899796206557,0.0007700100229832058,3.028083239449967e-07,7.518961410375147e-12,1.8432046477106048e-09,2.5721757125081024e-09,2.569148516000916e-11,5.578372404472951e-08,2.59895320027871e-09,7.24794148373164e-13
15.000412919267282,3.3393452272620954e-10,1.678570432657731e-07,9.613145236589314e-08,1.5080642840577507e-11,6.293588208486699e-11,2.8150138534371168e-06,0.00025666900266540035,0.0007700100551491611,3.0280932670218045e-07,7.014964991004701e-12,1.844669830899359e-09,2.5757295360868453e-09,2.481584903571941e-11,5.577799837801394e-08,2.601363533258944e-09,7.232606553214526e-13
15.000415909508318,3.298099376617957e-10,1.679075114098136e-07,9.612370330378771e-08,1.5095299100228452e-11,6.263399688588964e-11,2.8149646473856667e-06,0.00025666900752300203,0.0007700100862699413,3.0281029657059026e-07,6.5381185403320136e-12,1.8461661278659761e-09,2.5789889263736257e-09,2.3968029529052934e-11,5.577273601370131e-08,2.6035210779590915e-09,7.236200930097846e-13
15.000425208385742,3.1607961499459417e-10,1.6805252298329208e-07,9.609912878775793e-08,1.5103096030370688e-11,6.176344878751827e-11,2.8148218292255492e-06,0.00025666902348700645,0.000770010176911416,3.028131014291409e-07,5.217889869022442e-12,1.8509756423224437e-09,2.5873055532521185e-09,2.1511838265977357e-11,5.575947379902497e-08,2.6084624941780405e-09,7.318434764783698e-13
15.000434507263167,3.0136360400599015e-10,1.6818051742478878e-07,9.607260522252076e-08,1.506091543308395e-11,6.101119380878872e-11,2.814693576944262e-06,0.00025666904035801414,0.0007700102592377629,3.02815575560782e-07,4.125750122310066e-12,1.8559823025885665e-09,2.5929855736619204e-09,1.9335613831818274e-11,5.5750998857755385e-08,2.6105433515497223e-09,7.507662873907049e-13
15.000443806140591,2.8572006584517014e-10,1.6829306976850748e-07,9.60431038443959e-08,1.4966842205402834e-11,6.039579076229131e-11,2.8145785006937734e-06,0.00025666905806552413,0.0007700103342846484,3.028177503881289e-07,3.234199492317212e-12,1.8611230537670519e-09,2.5962047273996216e-09,1.741615420956372e-11,5.574749248951547e-08,2.6095166991665974e-09,7.787104979070299e-13
15.000455354983954,2.6547801865471684e-10,1.6841290738509685e-07,9.600048273669616e-08,1.4779972195823332e-11,5.983661645722502e-11,2.8144525806736223e-06,0.0002566690807397561,0.0007700104187109037,3.02820078615045e-07,2.3755012481558497e-12,1.86763244998032e-09,2.59700109335103e-09,1.5353478874897074e-11,5.5750338047375216e-08,2.603534800598273e-09,8.241987368646603e-13
15.000466903827316,2.450725505704881e-10,1.6851340737760998e-07,9.594761722044545e-08,1.4537318435393102e-11,5.953871445318999e-11,2.8143432238916268e-06,0.00025666910344562094,0.0007700104960767886,3.028219957506278e-07,1.7273992704456567e-12,1.8741851893842993e-09,2.5947019975536476e-09,1.3640449629557682e-11,5.576148889697818e-08,2.5916668674725864e-09,8.792661845023853e-13
15.000478452670679,2.2459775440340039e-10,1.6859697794341863e-07,9.588208822930488e-08,1.422679626459382e-11,5.954915798131318e-11,2.81424835909839e-06,0.00025666912609457305,0.0007700105682852497,3.0282360022604757e-07,1.2472730875234532e-12,1.880700724295994e-09,2.5897624476981027e-09,1.2211746282356413e-11,5.5781266493601694e-08,2.5733423628237066e-09,9.426417886995372e-13
15.000490001514041,2.0474209257086836e-10,1.6866525208391245e-07,9.580016253983442e-08,1.3874770008663977e-11,5.98977516654184e-11,2.8141667292707753e-06,0.00025666914801696116,0.0007700106375875604,3.0282491454322123e-07,8.973861115636757e-13,1.8871317125590675e-09,2.58260918338319e-09,1.103975680882558e-11,5.5809948652879964e-08,2.547943351622034e-09,1.0126144235320264e-12
15.00050271342636,1.833798581481042e-10,1.6872379403363437e-07,9.568815642077457e-08,1.3416615551067735e-11,6.073428165071886e-11,2.814091342048745e-06,0.00025666917156199584,0.0007700107120291934,3.0282613672546813e-07,6.197647733033729e-13,1.89407615811898e-09,2.5726034617417724e-09,9.984203457062525e-12,5.5852123537459934e-08,2.5112311400125954e-09,1.0959051572264855e-12
15.00051542533868,1.6321076322400287e-10,1.6876537282074704e-07,9.55484103395027e-08,1.2914739409020651e-11,6.210775568384272e-11,2.8140309745961354e-06,0.0002566691938391827,0.0007700107867603038,3.0282715428552154e-07,4.2577733035114134e-13,1.9008545126836813e-09,2.560786526534626e-09,9.140898334795703e-12,5.5905697851454205e-08,2.4647049872123423e-09,1.1838959334732098e-12
15.000528137250999,1.4481602482470386e-10,1.6878954315662643e-07,9.537629275407257e-08,1.2387731402763246e-11,6.40919691091247e-11,2.8139862977157634e-06,0.0002566692142878151,0.0007700108635050603,3.028280128140202e-07,2.9076635414260113e-13,1.907450191422012e-09,2.547539610497468e-09,8.47261258516803e-12,5.597087356474842e-08,2.4078636525503355e-09,1.2745159976008598e-12
15.000540849163318,1.2753627098597937e-10,1.6879483778660635e-07,9.516886927204187e-08,1.182034405307483e-11,6.67718014761414e-11,2.813958932567066e-06,0.00025666923357640285,0.00077001094272546,3.028287897786052e-07,2.031796664616943e-13,1.9138495783013736e-09,2.5331777662327853e-09,7.941623478224581e-12,5.604772413094264e-08,2.3403911126823348e-09,1.365535853681776e-12
15.000553561075638,1.1249982454037855e-10,1.6877868114107843e-07,9.492167298955448e-08,1.1253174685394178e-11,7.02365381618327e-11,2.813951560326004e-06,0.0002566692506009966,0.0007700110252199127,3.028294915575848e-07,1.3745342417800736e-13,1.9200386876958066e-09,2.5179647297380456e-09,7.521655573396318e-12,5.613613025776293e-08,2.262210379376293e-09,1.4540592473908449e-12
15.000566272987957,9.821117840101292e-11,1.6873730585899584e-07,9.463369958725584e-08,1.0660718621741928e-11,7.457182458221986e-11,2.8139680414544807e-06,0.0002566692668526079,0.0007700111096154382,3.0283018130492343e-07,9.740720240564935e-14,1.9260020057415334e-09,2.5021169677545702e-09,7.190555987396839e-12,5.623572176424278e-08,2.1735173241905154e-09,1.5370529490346339e-12
15.000578984900276,8.609843954112514e-11,1.6866570033094036e-07,9.430252336416064e-08,1.008556062802461e-11,7.987150404204595e-11,2.8140134246604588e-06,0.0002566692809182282,0.0007700111948083788,3.0283084741427547e-07,6.762757282380838e-14,1.931720535938804e-09,2.485814746477102e-09,6.925983950066436e-12,5.634580543635344e-08,2.0748887803502233e-09,1.6109882545320127e-12
15.000591696812595,7.533220549355532e-11,1.685576418764904e-07,9.392946791106637e-08,9.524752881599445e-12,8.621771870485557e-11,2.8140939791125395e-06,0.0002566692936275453,0.000770011277425589,3.0283151132795924e-07,4.7674997809803954e-14,1.93717255972881e-09,2.4692096679939476e-09,6.709477684943179e-12,5.646532186162928e-08,1.96728114319098e-09,1.672286845676514e-12
15.000604408724914,6.64258531099998e-11,1.684058469724715e-07,9.35170905354448e-08,8.990476740287964e-12,9.368132048481602e-11,2.8142170290800238e-06,0.0002566693044716869,0.0007700113531732774,3.028321689778885e-07,3.29787507324319e-14,1.9423342164278214e-09,2.4524314411429744e-09,6.52268390166997e-12,5.659281041886493e-08,1.8520810852271302e-09,1.7175747422180638e-12
15.000617120637234,5.822424031374733e-11,1.68202300984181e-07,9.30706411405773e-08,8.483703038367877e-12,1.0227600939316762e-10,2.8143907009796316e-06,0.00025666931460518994,0.0007700114162897424,3.028328089157001e-07,2.410606866084437e-14,1.9471841565231368e-09,2.4355957180163193e-09,6.3542792978373834e-12,5.672642026896071e-08,1.7310599644167311e-09,1.7441095252487595e-12
15.000629832549553,5.138786900790227e-11,1.6793875323709472e-07,9.259822134847899e-08,8.015592881022093e-12,1.1200359387402548e-10,2.814623355089975e-06,0.00025666932337102,0.0007700114596874746,3.0283340309953037e-07,1.757704663181614e-14,1.9517031005107348e-09,2.4188075712890774e-09,6.187461539743252e-12,5.686391368259991e-08,1.6063991266420361e-09,1.7498803272137906e-12
15.000642544461872,4.576475620708743e-11,1.6760741688355317e-07,9.211042215650905e-08,7.587526733627511e-12,1.227915578651408e-10,2.8149229746460037e-06,0.000256669330921621,0.0007700114754529795,3.028339187963598e-07,1.2932134658372793e-14,1.9558764664853206e-09,2.4021640717784863e-09,6.009142630400636e-12,5.700278933394572e-08,1.4805358639549185e-09,1.7341006209788192e-12
15.000655256374191,4.1254239593382643e-11,1.672018243251747e-07,9.162007652344415e-08,7.205449704238344e-12,1.3448786668201325e-10,2.815296307723757e-06,0.0002566693373584022,0.0007700114553433994,3.0283430692457026e-07,9.432264296554215e-15,1.9596968953717603e-09,2.3857549200565497e-09,5.810339167139467e-12,5.714039295140094e-08,1.356054936556635e-09,1.6973325221044997e-12
15.00066796828651,3.740364306333812e-11,1.6671775816078286e-07,9.114228476017783e-08,6.869651102010732e-12,1.4685829831059493e-10,2.8157479317873005e-06,0.00025666934313393414,0.0007700113911619364,3.0283451792325574e-07,7.189501953645557e-15,1.9631657964395436e-09,2.3696601893431947e-09,5.585824287446484e-12,5.727406788297906e-08,1.2355383550387694e-09,1.6414766216433375e-12
15.00068068019883,3.4285532659353044e-11,1.661541416932648e-07,9.069360332930434e-08,6.5813510016825155e-12,1.5958304937500947e-10,2.8162793487950362e-06,0.0002566693481762918,0.000770011275504581,3.0283450405395616e-07,5.569868344338908e-15,1.9662931061911073e-09,2.3539446648014165e-09,5.3325562921661e-12,5.7401357485078415e-08,1.1213737274342203e-09,1.5697418347174918e-12
15.000693392111149,3.180782770771843e-11,1.6551376308786045e-07,9.029058251118848e-08,6.341493941299516e-12,1.7228397587085877e-10,2.816888226946483e-06,0.00025666935257762937,0.0007700111027643612,3.0283422578724734e-07,4.5068236979283584e-15,1.9690968835116376e-09,2.3386517661815062e-09,5.052930356343924e-12,5.752014415555739e-08,1.015614547381126e-09,1.4861528671208736e-12
15.000703809222008,3.029440820929305e-11,1.6493628307982834e-07,9.00055947282723e-08,6.181399058845333e-12,1.8235902006763396e-10,2.8174407576913193e-06,0.0002566693556673283,0.0007700109160440671,3.028337825611787e-07,3.689947412680725e-15,1.9711702291495594e-09,2.3264485562033383e-09,4.8091813788026905e-12,5.760999599660144e-08,9.363301816573167e-10,1.4119680402999841e-12
15.000714226332867,2.89801257424907e-11,1.6431787155310302e-07,8.977021473412994e-08,6.054141831060297e-12,1.9186033051156708e-10,2.8180352666232055e-06,0.0002566693585574631,0.000770010687965262,3.028331421099733e-07,3.268728893651983e-15,1.9730594438641252e-09,2.3145341180338513e-09,4.561281619729921e-12,5.7692465382285534e-08,8.643104095717805e-10,1.3353846593673089e-12
15.000724643443727,2.8397819566408882e-11,1.6366647004883422e-07,8.959089187834458e-08,5.959444245350142e-12,2.005587747412818e-10,2.818664005928399e-06,0.00025666936071577865,0.0007700104195506787,3.028323151462939e-07,2.666376940598582e-15,1.974782594192765e-09,2.3028860707621735e-09,4.317911679575832e-12,5.7767233497149665e-08,7.998700223820214e-10,1.258651149791032e-12
15.000735060554586,2.6940720442326627e-11,1.6299148292696346e-07,8.947467037968492e-08,5.897667140270606e-12,2.0826786191638242e-10,2.819317696793825e-06,0.0002566693637481672,0.0007700101121250124,3.028313256794541e-07,2.7526338886598456e-15,1.9763584857979366e-09,2.2914688513183218e-09,4.086298469284215e-12,5.783419142856496e-08,7.431266437753346e-10,1.1836019768850912e-12
15.00074300633071,2.7184208008134704e-11,1.6246715522347045e-07,8.942918471869404e-08,5.8717576957874695e-12,2.134011914987114e-10,2.8198267285630817e-06,0.0002566693647066127,0.0007700098542574616,3.02830484963577e-07,2.442992775935353e-15,1.977472957687525e-09,2.282887851750652e-09,3.920009964111e-12,5.788002449538261e-08,7.050235704502031e-10,1.1284294077813098e-12
15.000750952106834,2.7514298892196043e-11,1.6194010549554333e-07,8.942291745644715e-08,5.865003093808912e-12,2.1780171832895842e-10,2.820339342991718e-06,0.0002566693655784226,0.0007700095779352855,3.028295890861197e-07,2.157054377001101e-15,1.978520747568256e-09,2.2743910894085714e-09,3.766579893244535e-12,5.7921461227455396e-08,6.712764425770725e-10,1.0756507251315154e-12
15.000758897882958,2.71958238326287e-11,1.614153440255564e-07,8.945703210824652e-08,5.877671981906976e-12,2.2141055050392513e-10,2.820850543887993e-06,0.0002566693670984391,0.0007700092850187228,3.028286577788138e-07,2.2211107617475697e-15,1.9795098354037887e-09,2.265953980492777e-09,3.628564605342404e-12,5.795867493814828e-08,6.417258056146041e-10,1.0256722132300877e-12
15.000766843659083,2.754869173383635e-11,1.6089778395251695e-07,8.952987611801115e-08,5.9088216651687585e-12,2.242142211444595e-10,2.8213553840784722e-06,0.00025666936794721193,0.0007700089786975007,3.028277142012427e-07,2.1787348891964613e-15,1.980447849774735e-09,2.2575525152287047e-09,3.5057808152471174e-12,5.7991853383143366e-08,6.162015050527234e-10,9.78732192728456e-13
15.000774789435207,2.8284165498178486e-11,1.6039211528886512e-07,8.964072942645095e-08,5.958891229313825e-12,2.262087493866655e-10,2.821849133872455e-06,0.00025666936841342743,0.0007700086615709243,3.028267791952471e-07,2.0817231250114417e-15,1.981341953000069e-09,2.249164480185846e-09,3.397267849359383e-12,5.802120105889406e-08,5.94515097412269e-10,9.349543829714175e-13
15.000782735211331,2.888980125765324e-11,1.5990268605865367e-07,8.978858394145627e-08,6.028280685566269e-12,2.273957324652793e-10,2.822327405252335e-06,0.0002566693690093609,0.0007700083362023357,3.0282587136339156e-07,2.0994239971116207e-15,1.9821988166488e-09,2.2407705473929617e-09,3.301541639833609e-12,5.8046936928963794e-08,5.764618100635783e-10,8.943539774094534e-13
15.000790680987455,2.953234569994924e-11,1.5943339449962834e-07,8.9970660249263e-08,6.116703482653165e-12,2.2779322736614026e-10,2.8227862499243517e-06,0.000256669369568274,0.0007700080058102498,3.0282500708502497e-07,2.2250436076925133e-15,1.983024650724053e-09,2.232355173562738e-09,3.216335155585076e-12,5.806927768508054e-08,5.618369922913118e-10,8.568529389314434e-13
15.00079862676358,3.0548190281938155e-11,1.5898760296123962e-07,9.018404902654808e-08,6.224068607374578e-12,2.27430107679174e-10,2.8232222532261545e-06,0.0002566693697538813,0.0007700076734103868,3.028241984177554e-07,2.3541569368631484e-15,1.983825192589559e-09,2.2239071799285083e-09,3.1392141087714978e-12,5.8088432482921365e-08,5.504397693588183e-10,8.223396068539987e-13
15.000806572539704,3.205623496416257e-11,1.5856807327567436e-07,9.04257387714681e-08,6.35060146271678e-12,2.263489607604074e-10,2.8236325967681094e-06,0.00025666936944735005,0.0007700073417688888,3.02823452526649e-07,2.421912098766748e-15,1.9846056844909414e-09,2.2154200184151967e-09,3.067755692899434e-12,5.810460146552603e-08,5.420739415174084e-10,7.906304392448941e-13
15.000814518315828,3.374656153821964e-11,1.581769293114951e-07,9.069229368493119e-08,6.496520544612761e-12,2.246009008440422e-10,2.824015101214244e-06,0.00025666936895850443,0.0007700070135497704,3.0282277168881715e-07,2.5245476162201734e-15,1.985370850652012e-09,2.2068916859747645e-09,2.9999311780068718e-12,5.8117970669014265e-08,5.365528806035421e-10,7.614790672061999e-13
15.000824992391571,3.568567863294498e-11,1.57706934902776e-07,9.107460037367543e-08,6.7182448285620475e-12,2.2136553539743192e-10,2.8244744652606844e-06,0.00025666936860287663,0.0007700065906042387,3.0282196834798983e-07,2.9596805761911124e-15,1.9863632228043057e-09,2.195591954971236e-09,2.91387976017199e-12,5.813157586721614e-08,5.333518021824227e-10,7.265998045972026e-13
15.000835466467315,3.805871036957225e-11,1.5729037847885281e-07,9.148398782460532e-08,6.9732491844904664e-12,2.1719405074494146e-10,2.8248811582187766e-06,0.0002566693678132425,0.0007700061833449857,3.0282125770214094e-07,3.4928282542291913e-15,1.987345156614682e-09,2.184239215514684e-09,2.8303402113824543e-12,5.8140899711498426e-08,5.344797115600022e-10,6.952693401468018e-13
15.000845940543059,4.1703050108854466e-11,1.5692727059276285e-07,9.191043963260765e-08,7.2602623071233585e-12,2.1224492613433658e-10,2.8252350577429873e-06,0.0002566693657523171,0.0007700057965961803,3.0282061595760814e-07,4.024259041515139e-15,1.9883241573659587e-09,2.1728546122994414e-09,2.7498551484319113e-12,5.8146196868055974e-08,5.396527742345923e-10,6.669856317875276e-13
15.000856414618802,4.675779428567042e-11,1.5661606662158624e-07,9.234419667836523e-08,7.578487178221952e-12,2.0666753846280216e-10,2.825537618439212e-06,0.0002566693622808907,0.0007700054343156876,3.028200114161103e-07,4.682056450126558e-15,1.98930660520913e-09,2.1614638811032625e-09,2.675879604807724e-12,5.8147654537725275e-08,5.486475314801272e-10,6.413065059159321e-13
15.000866888694546,5.2340821870561543e-11,1.563539739693685e-07,9.277696981809762e-08,7.928272127764965e-12,2.0058787431413766e-10,2.8257915664634696e-06,0.0002566693582807661,0.0007700050991483337,3.0281941327682455e-07,5.793157320393256e-15,1.9902978962660544e-09,2.1500941897020403e-09,2.6085858488390014e-12,5.8145391458856334e-08,5.613110008580309e-10,6.178139025060875e-13
15.000868507546839,5.092670235214353e-11,1.5631765442495222e-07,9.28460330409915e-08,7.985967317806594e-12,1.9961473131261088e-10,2.8258266651328615e-06,0.00025666935993927067,0.000770005048528781,3.028193178657687e-07,6.231811288115091e-15,1.9904521880823595e-09,2.148340525891808e-09,2.599570116143384e-12,5.8144717100771815e-08,5.635850845875106e-10,6.143272800850876e-13
15.000868763527853,5.1047699618207665e-11,1.563120098325272e-07,9.285661767676088e-08,7.994872751881766e-12,1.9946053742963256e-10,2.8258321171566643e-06,0.00025666935985695213,0.0007700050407458101,3.028193029193964e-07,6.265641318110582e-15,1.9904766102343547e-09,2.1480633389416506e-09,2.598247474299804e-12,5.814460259163302e-08,5.639523320515147e-10,6.137770677724773e-13
15.000869019508867,5.1172899564633786e-11,1.563063918931537e-07,9.286710947806328e-08,8.003937154589462e-12,1.9930617103245182e-10,2.8258375427456826e-06,0.00025666935977043074,0.0007700050330237354,3.0281928781940746e-07,6.299605123233606e-15,1.9905010401579e-09,2.1477861832216774e-09,2.5969254981886907e-12,5.8144485919692856e-08,5.643216816384896e-10,6.132279980224303e-13
15.000869275489881,5.129301753022327e-11,1.5630080055276603e-07,9.287760867394298e-08,8.013012888363762e-12,1.9915160626158978e-10,2.825842941968666e-06,0.0002566693596889907,0.0007700050253124284,3.0281927271491774e-07,6.334218673391662e-15,1.9905254780919816e-09,2.147509059045811e-09,2.595602359568555e-12,5.8144367085553546e-08,5.646931439258468e-10,6.126801770572813e-13
15.000869787451908,5.153967575972823e-11,1.5628975038492618e-07,9.289859471571879e-08,8.031189216911638e-12,1.9884147389483468e-10,2.8258536090684518e-06,0.000256669359519688,0.0007700050099680557,3.028192425071092e-07,6.403867331209426e-15,1.990574395049871e-09,2.1469549710411246e-09,2.592955384180428e-12,5.814411865668125e-08,5.654465922629658e-10,6.115910408982746e-13
15.000870299413934,5.1788153141204697e-11,1.5627880564092161e-07,9.291955647746321e-08,8.049434419685422e-12,1.985305617653513e-10,2.825864171682501e-06,0.00025666935934856523,0.0007700049946931695,3.028192122396295e-07,6.474559313622429e-15,1.9906233454526686e-09,2.146401014615945e-09,2.590315829534746e-12,5.81438616278372e-08,5.662084270823354e-10,6.105070126523733e-13
15.000872773674415,5.3014002330197294e-11,1.5622711954117535e-07,9.302049859525312e-08,8.138567034827232e-12,1.9701992170765452e-10,2.8259140213579107e-06,0.0002566693584965488,0.0007700049217114996,3.0281906481700563e-07,6.831470399181061e-15,1.9908603178833412e-09,2.143725459793703e-09,2.5778053521903824e-12,5.8142518399180964e-08,5.699884826387139e-10,6.053210203959408e-13
15.000875247934895,5.428196576503586e-11,1.5617782794674245e-07,9.312077306359461e-08,8.229263672224936e-12,1.9549386957313607e-10,2.825961496877154e-06,0.0002566693576023931,0.0007700048503682867,3.028189152081429e-07,7.21544935965169e-15,1.9910981097638233e-09,2.1410533413359932e-09,2.565906657429271e-12,5.814097368804945e-08,5.739641708849719e-10,6.002392930973145e-13
15.000877722195375,5.559235851138456e-11,1.5613087707205367e-07,9.322029928496024e-08,8.321471570092374e-12,1.9395428276449699e-10,2.8260066509282663e-06,0.0002566693566657813,0.0007700047806760836,3.028187629824614e-07,7.628499737954504e-15,1.991336753856343e-09,2.1383849291303193e-09,2.5548068933418144e-12,5.813922766394215e-08,5.781348132249625e-10,5.952545161512763e-13
15.000884606560813,5.947311417975094e-11,1.5601184229928378e-07,9.349258564882067e-08,8.585827681134729e-12,1.8961721895358927e-10,2.8261207776385034e-06,0.00025666935382486806,0.000770004595435065,3.028183213849954e-07,8.95313582570733e-15,1.992005606561044e-09,2.1309831409698605e-09,2.5289826526605726e-12,5.813331305318897e-08,5.90757475809987e-10,5.818363342854871e-13
15.000891490926252,6.371006209534452e-11,1.5590911285212195e-07,9.375698179746985e-08,8.860823546878196e-12,1.8522611763268472e-10,2.826218716244002e-06,0.00025666935062748224,0.0007700044230935752,3.028178503160729e-07,1.0577741757891773e-14,1.9926818084740894e-09,2.12361780785826e-09,2.511227424873208e-12,5.8125844454588e-08,6.048737426777109e-10,5.690377233128331e-13
15.00089837529169,6.832523830670763e-11,1.558214640493349e-07,9.401205404182314e-08,9.145638299775546e-12,1.8081260627740072e-10,2.8263016706450006e-06,0.0002566693470515132,0.0007700042637430122,3.028173449880911e-07,1.2578786708871406e-14,1.993365608933189e-09,2.1162933027358707e-09,2.502600627984982e-12,5.8116821195717096e-08,6.204778017068462e-10,5.567976868098959e-13
15.000910049775783,7.710530892686055e-11,1.5570434764058258e-07,9.441980029413166e-08,9.649326658418829e-12,1.733403742121829e-10,2.826411006500451e-06,0.0002566693400325744,0.0007700040234650392,3.0281640023161007e-07,1.7178151557743167e-14,1.994542461317532e-09,2.1039743766568348e-09,2.512191124629005e-12,5.8097940636405945e-08,6.503501950133267e-10,5.371808351335603e-13
15.000919366127125,8.500709296648737e-11,1.5563577332619853e-07,9.472095279045701e-08,1.0066272271092476e-11,1.6747238190713585e-10,2.8264734745574003e-06,0.0002566693335348222,0.0007700038578628591,3.028155594557485e-07,2.2270280285867875e-14,1.995496422087071e-09,2.0942458383085285e-09,2.544375015255386e-12,5.8079625669227474e-08,6.772707529506604e-10,5.22433737952264e-13
15.000928682478467,9.373458256454355e-11,1.5558607448118645e-07,9.49994420027743e-08,1.0492411839193887e-11,1.6175263751207353e-10,2.8265171120573515e-06,0.0002566693262096955,0.0007700037144089268,3.028146388864506e-07,2.9081611897481714e-14,1.996461311427154e-09,2.084615704366351e-09,2.600887765146332e-12,5.805841337051313e-08,7.069301321449106e-10,5.084151142505829e-13
15.000937998829809,1.0332364173121253e-10,1.5555280237495394e-07,9.525477859917038e-08,1.0924164590467869e-11,1.562179777464457e-10,2.8265443434078565e-06,0.0002566693180206861,0.0007700035921019015,3.028136391541653e-07,3.825525393087961e-14,1.997433418369009e-09,2.0750897782387534e-09,2.684550424049947e-12,5.803430045068477e-08,7.393230226315596e-10,4.95069816942311e-13
15.00094731518115,1.138155453620819e-10,1.5553388867241857e-07,9.548689495212395e-08,1.1357951065152803e-11,1.5090200317993884e-10,2.8265572153983144e-06,0.0002566693089255631,0.0007700034899158277,3.028125625976021e-07,5.074035358563412e-14,1.998407173636583e-09,2.065674316793336e-09,2.7990625858709113e-12,5.800728727927984e-08,7.744402197028482e-10,4.823196789004195e-13
15.000960939909476,1.308320888527059e-10,1.555287340078129e-07,9.578563734321195e-08,1.1987404247587017e-11,1.4358293406363853e-10,2.8265534986790174e-06,0.00025666929394268514,0.0007700033744118601,3.0281086071303916e-07,7.808905252045272e-14,1.99981639667586e-09,2.0521225385737155e-09,3.0302515872167428e-12,5.796258069647963e-08,8.306618534485977e-10,4.645731284455468e-13
15.0009745646378,1.498163375569082e-10,1.55546663861549e-07,9.603806314979687e-08,1.2598930712733788e-11,1.3682443110326565e-10,2.826526687272889e-06,0.0002566692769764445,0.0007700032962735863,3.028090216710966e-07,1.2099669452233282e-13,2.0011767960349566e-09,2.0388669176899992e-09,3.3523238935637006e-12,5.791176980779471e-08,8.925500030420238e-10,4.4789985571560377e-13
15.000988189366126,1.7058479630876897e-10,1.5558500207768452e-07,9.6248528654322e-08,1.3178710162532384e-11,1.3058638444284271e-10,2.8264795984432492e-06,0.0002566692582012646,0.0007700032518096928,3.0280704917175556e-07,1.881976610434294e-13,2.002438190102269e-09,2.0259749934872564e-09,3.7999638398042405e-12,5.785507664014284e-08,9.598077195245614e-10,4.3256997037106996e-13
15.001,1.89789026858762e-10,1.5563364256261652e-07,9.640080853884694e-08,1.3640722123489237e-11,1.2564524941314427e-10,2.826423518976071e-06,0.0002566692406949301,0.0007700032378756999,3.028052586907142e-07,2.75545022109387e-13,2.0033984047251785e-09,2.0151723527771e-09,4.298829589404828e-12,5.780133006539796e-08,1.0222443213166335e-09,4.2013480000190214e-13
