N2_T,N_T,H_T,NH3_T,NH2_T,NH_T,N2,H2,NH3,N2_S,N_S,H_S,NH3_S,NH2_S,NH_S,N_S3,time
1.893545901541782e-10,1.5561620269509948e-07,9.637413432689105e-08,1.3620088307260471e-11,1.2569806699260009e-10,2.8264685992177998e-06,0.000256669292687051,0.0007700034249918089,3.026845989608546e-07,2.586044568531151e-13,2.002611800745893e-09,2.0139087780471917e-09,4.285805996376361e-12,5.78036889459227e-08,1.021948588061339e-09,4.199471931046898e-13,0.0
1.8936068417535486e-10,1.5561621265592382e-07,9.63741593372833e-08,1.3620166396694478e-11,1.256971903706921e-10,2.8264685877690416e-06,0.00025666929264654345,0.0007700034249912249,3.026845986310123e-07,2.933382081729662e-13,2.002611958941432e-09,2.0139068762712637e-09,4.2859091372154965e-12,5.7803678955579395e-08,1.021960294704823e-09,4.1994514709010065e-13,4.574925327460733e-09
1.8936385056691828e-10,1.5561621900586227e-07,9.637417527941082e-08,1.3620215997864059e-11,1.25696641394748e-10,2.826468580530441e-06,0.0002566692926334556,0.0007700034249908535,3.02684598422106e-07,3.034638115981479e-13,2.0026120597392636e-09,2.01390566386452e-09,4.2859737050505446e-12,5.780367257705534e-08,1.0219676977051562e-09,4.1994380246594016e-13,4.6785899598944525e-09
1.893647353835619e-10,1.5561622245636274e-07,9.637418394014065e-08,1.3620242741733955e-11,1.256963552649613e-10,2.826468576670996e-06,0.00025666929264201783,0.0007700034249906526,3.0268459831026056e-07,2.941277043675845e-13,2.0026121144496213e-09,2.01390500500267e-09,4.2860073292097656e-12,5.78036690989604e-08,1.0219716464848892e-09,4.1994302203018326e-13,4.782254592328172e-09
1.8936398467997912e-10,1.5561622371887323e-07,9.637418710633984e-08,1.362025225926891e-11,1.2569626718152542e-10,2.8264685753597027e-06,0.00025666929266646046,0.0007700034249905802,3.026845982716008e-07,2.704763237201999e-13,2.002612134382739e-09,2.0139047638614234e-09,4.2860176390214204e-12,5.780366780990443e-08,1.0219729904665727e-09,4.1994266858080476e-13,4.885919224761892e-09
1.8936224451086396e-10,1.556162235048422e-07,9.637418656487574e-08,1.3620250181433705e-11,1.2569631234463426e-10,2.826468575765566e-06,0.00025666929270101485,0.0007700034249905969,3.0268459828225235e-07,2.3765610689491875e-13,2.002612130848855e-09,2.013904804616495e-09,4.286012263813778e-12,5.7803667998497495e-08,1.0219725790727593e-09,4.199426049157806e-13,4.989583857195612e-09
1.893598886856089e-10,1.5561622220726499e-07,9.637418330284716e-08,1.3620239622195973e-11,1.256964542182476e-10,2.8264685774250308e-06,0.0002566692927415723,0.0007700034249906749,3.0268459832893255e-07,1.994127296486339e-13,2.002612110099405e-09,2.013905052243324e-09,4.285995506868086e-12,5.780366927250876e-08,1.0219708860170488e-09,4.1994275826268225e-13,5.093248489629332e-09
1.8935951511538975e-10,1.5561622261554643e-07,9.637418432611526e-08,1.3620242682483373e-11,1.256964463240745e-10,2.8264685771260205e-06,0.00025666929277468406,0.0007700034249906515,3.026845983189212e-07,1.6668763891692179e-13,2.002612116440119e-09,2.0139049741778695e-09,4.285996371101468e-12,5.780366883524769e-08,1.0219711956033066e-09,4.199425597002411e-13,5.1969131220630516e-09
1.893594046780041e-10,1.5561622296156964e-07,9.63741851938984e-08,1.3620245326751275e-11,1.2569643384508234e-10,2.826468576837454e-06,0.0002566692927954893,0.0007700034249906317,3.0268459830969056e-07,1.4600396596671248e-13,2.0026121218434757e-09,2.013904908041893e-09,4.285997798035308e-12,5.7803668470398383e-08,1.0219714931299683e-09,4.1994241504262285e-13,5.300577754496771e-09
1.8935940499829308e-10,1.5561622324636506e-07,9.637418590848075e-08,1.3620247521192784e-11,1.2569641426459006e-10,2.826468576543413e-06,0.00025666929280118375,0.0007700034249906151,3.0268459830095685e-07,1.4031839507285767e-13,2.0026121263382622e-09,2.013904853648337e-09,4.2860000892022615e-12,5.780366817933083e-08,1.021971794543167e-09,4.199423340118522e-13,5.326494800783621e-09
1.893594415934952e-10,1.5561622347736733e-07,9.637418648836647e-08,1.3620249302773319e-11,1.256963860578897e-10,2.8264685762300625e-06,0.0002566692927907568,0.0007700034249906016,3.0268459829239086e-07,1.5071619259939935e-13,2.0026121300470183e-09,2.0139048095809697e-09,4.28600342592352e-12,5.780366795545087e-08,1.0219721138676408e-09,4.199423186552197e-13,5.352411847070471e-09
1.8935948018718124e-10,1.5561622366841392e-07,9.63741869681941e-08,1.3620250769250746e-11,1.2569634858982894e-10,2.8264685758850368e-06,0.0002566692927649048,0.0007700034249905906,3.0268459828361507e-07,1.7653572509279062e-13,2.0026121331865422e-09,2.0139047731950366e-09,4.286007881563871e-12,5.7803667784303026e-08,1.0219724638286387e-09,4.19942363763992e-13,5.397716051902535e-09
1.893595090236037e-10,1.5561622383975352e-07,9.637418739870157e-08,1.3620252075258694e-11,1.256963031294141e-10,2.8264685755035907e-06,0.0002566692927272854,0.0007700034249905806,3.0268459827432947e-07,2.141318417710775e-13,2.0026121360628358e-09,2.0139047406114356e-09,4.286013299819234e-12,5.7803667642556225e-08,1.021972849696219e-09,4.199424527196796e-13,5.443020256734599e-09
1.8935953188663647e-10,1.556162240180702e-07,9.637418784672516e-08,1.3620253432523785e-11,1.256962556989837e-10,2.8264685751058905e-06,0.00025666929268799657,0.0007700034249905702,3.026845982646535e-07,2.534035756319017e-13,2.0026121390569024e-09,2.013904706700365e-09,4.28601895296099e-12,5.780366749515511e-08,1.021973251998485e-09,4.1994254582661045e-13,5.488324461566663e-09
1.8935956887591017e-10,1.5561622423654327e-07,9.637418839523643e-08,1.3620255115220504e-11,1.2569622424418344e-10,2.8264685747805177e-06,0.0002566692926723139,0.0007700034249905575,3.026845982559805e-07,2.6905627244729335e-13,2.0026121425889967e-09,2.0139046650407645e-09,4.2860226818170865e-12,5.7803667288151995e-08,1.0219735830186033e-09,4.19942550932373e-13,5.533628666398727e-09
1.893596171227302e-10,1.5561622445698235e-07,9.637418894860077e-08,1.362025682035796e-11,1.2569619916700404e-10,2.826468574492669e-06,0.00025666929266459054,0.0007700034249905448,3.026845982480221e-07,2.7673849744648157e-13,2.0026121461188428e-09,2.0139046229780807e-09,4.286025645322787e-12,5.7803667072687724e-08,1.0219738765689624e-09,4.199425288668206e-13,5.578932871230791e-09
1.893596737544245e-10,1.5561622466982243e-07,9.637418948282862e-08,1.362025847279899e-11,1.2569618008654996e-10,2.826468574245911e-06,0.0002566692926633733,0.0007700034249905325,3.026845982409484e-07,2.7790589627403756e-13,2.0026121495007773e-09,2.013904582343769e-09,4.286027891090595e-12,5.7803666859566804e-08,1.0219741288330592e-09,4.199424865870997e-13,5.624237076062855e-09
1.8935972815341867e-10,1.556162248648039e-07,9.637418997223303e-08,1.3620259987424235e-11,1.256961628230672e-10,2.82646857402117e-06,0.0002566692926625188,0.000770003424990521,3.0268459823449335e-07,2.787123443252724e-13,2.002612152597835e-09,2.013904545118176e-09,4.286029922519015e-12,5.7803666664114176e-08,1.0219743586188118e-09,4.199424469672327e-13,5.669541280894919e-09
1.893597867430231e-10,1.5561622506425174e-07,9.637419047285216e-08,1.36202615376426e-11,1.256961452521245e-10,2.826468573791815e-06,0.0002566692926617488,0.0007700034249905095,3.0268459822790005e-07,2.79430167858737e-13,2.0026121557653792e-09,2.0139045070395953e-09,4.286031989931874e-12,5.780366646409737e-08,1.021974593133761e-09,4.1994240607822033e-13,5.714845485726983e-09
1.8935985499365357e-10,1.5561622528553248e-07,9.637419102827363e-08,1.362026325870296e-11,1.2569612604374846e-10,2.82646857353909e-06,0.0002566692926612395,0.0007700034249904966,3.026845982206183e-07,2.7987831981820693e-13,2.0026121592781944e-09,2.013904464791544e-09,4.286034249360195e-12,5.78036662419022e-08,1.021974851583418e-09,4.1994235954367257e-13,5.7601496905590466e-09
1.8935982334938916e-10,1.5561622521953292e-07,9.637419086264694e-08,1.362026273910947e-11,1.2569613146692674e-10,2.8264685736126155e-06,0.0002566692926610319,0.0007700034249905005,3.026845982227596e-07,2.8011542119025753e-13,2.0026121582322874e-09,2.0139044773916947e-09,4.286033611999888e-12,5.780366630846978e-08,1.0219747763580277e-09,4.1994237466730096e-13,5.8054538953911106e-09
1.8935983574013163e-10,1.5561622527558381e-07,9.637419100340348e-08,1.3620263169561946e-11,1.2569612658340277e-10,2.8264685735484972e-06,0.000256669292660888,0.0007700034249904972,3.0268459822091854e-07,2.8024879532627536e-13,2.002612159122564e-09,2.0139044666872613e-09,4.286034186263217e-12,5.780366625219397e-08,1.021974841936302e-09,4.199423629438005e-13,5.8507581002231746e-09
1.8935886633329365e-10,1.556162225528306e-07,9.637418417385388e-08,1.3620241782837291e-11,1.2569635823905436e-10,2.8264685766300975e-06,0.0002566692926616932,0.000770003424990654,3.0268459831016357e-07,2.803254154169516e-13,2.0026121159474163e-09,2.0139049863576052e-09,4.286006934624095e-12,5.7803668990135795e-08,1.0219716905417245e-09,4.19942954094595e-13,5.941370062600981e-09
1.8935841467075275e-10,1.556162212912831e-07,9.637418101460984e-08,1.3620231761153319e-11,1.2569646545739672e-10,2.8264685780576932e-06,0.0002566692926620587,0.0007700034249907246,3.0268459835161244e-07,2.8037103697074006e-13,2.0026120959696107e-09,2.0139052269343625e-09,4.285994307471409e-12,5.78036702580696e-08,1.0219702313038843e-09,4.1994322779382975e-13,6.031982024978788e-09
1.8934824189535434e-10,1.556161925095825e-07,9.637410917616175e-08,1.3620004246224948e-11,1.2569890650468204e-10,2.826468610624535e-06,0.00025666929267134224,0.0007700034249922494,3.026845992954744e-07,2.8033772733015334e-13,2.0026116417624343e-09,2.013910703443498e-09,4.285706014797894e-12,5.7803699145214805e-08,1.021936983670621e-09,4.199494534240821e-13,6.122593987356595e-09
1.8934337935856605e-10,1.5561617869770378e-07,9.637407511262423e-08,1.3619895026563472e-11,1.2570006786749839e-10,2.826468626238266e-06,0.00025666929267578666,0.0007700034249928292,3.02684599747185e-07,2.803160061998071e-13,2.002611426429631e-09,2.0139133113338666e-09,4.285567509273837e-12,5.780371294231224e-08,1.0219211116340656e-09,4.199524161992857e-13,7.028706505707305e-09
1.8924102906825628e-10,1.5561588258916195e-07,9.6373363821422e-08,1.3617619889063787e-11,1.257243908458437e-10,2.8264689600754656e-06,0.0002566692927694801,0.000770003424999104,3.026846092643699e-07,2.7972615482369704e-13,2.002606975156008e-09,2.0139679605912086e-09,4.282609092339127e-12,5.7804004618900876e-08,1.021585987495313e-09,4.2001433055788143e-13,7.934819024058015e-09
1.8919178262849132e-10,1.556157323304781e-07,9.637303876370484e-08,1.3616564759522613e-11,1.2573578871716737e-10,2.8264691280622004e-06,0.0002566692928146419,0.0007700034249895934,3.0268461384432743e-07,2.7940499254654945e-13,2.002604977732061e-09,2.013993711661543e-09,4.28111688532059e-12,5.780414618993973e-08,1.0214240401656828e-09,4.200432582890482e-13,1.69959299967104e-08
1.890317246565179e-10,1.5561518860756615e-07,9.637207512412581e-08,1.3613318572923464e-11,1.2577120543274893e-10,2.826469726252483e-06,0.0002566692929617653,0.0007700034248838182,3.0268462872299203e-07,2.78292165670344e-13,2.0025995354014198e-09,2.0140736857970953e-09,4.2758880271215235e-12,5.780461519966731e-08,1.0208921965972673e-09,4.201310927154546e-13,2.6057040969362788e-08
1.8918881785978216e-10,1.5561552060487837e-07,9.637340357427373e-08,1.3617380671544209e-11,1.25729562395706e-10,2.8264693299513412e-06,0.000256669292818893,0.000770003424692783,3.0268461409241957e-07,2.788366419783775e-13,2.0026087217621636e-09,2.01398170299782e-09,4.279432936580539e-12,5.780418795671335e-08,1.0213937884367522e-09,4.200230708114729e-13,1.1666814714317297e-07
1.8978409793858498e-10,1.5561710460887078e-07,9.637794127147402e-08,1.3631638040388266e-11,1.2558034548298286e-10,2.8264675181900336e-06,0.000256669292275629,0.0007700034243912213,3.026845587128592e-07,2.815281178532426e-13,2.002637803485287e-09,2.0136523539069745e-09,4.294922071832104e-12,5.780250850816549e-08,1.0233376896808193e-09,4.19646229609633e-13,2.0727925331698316e-07
1.9126141668489925e-10,1.5562137613669031e-07,9.638844805464334e-08,1.3664779000286189e-11,1.2522374304679958e-10,2.826462696065276e-06,0.00025666929092488575,0.0007700034241986747,3.0268442169091213e-07,2.893379007934799e-13,2.00270371589773e-09,2.012855860478627e-09,4.336307546186501e-12,5.7798277986110647e-08,1.0282040537895318e-09,4.1874315285855433e-13,1.1133902972915166e-06
1.9391825651579024e-10,1.5562940468828884e-07,9.640628381288772e-08,1.372203168952712e-11,1.2460166917772703e-10,2.8264537015911558e-06,0.00025666928849127796,0.0007700034245379445,3.026841754362117e-07,3.049711930363487e-13,2.002814284864684e-09,2.0114548899252404e-09,4.414841160763641e-12,5.7790636751014815e-08,1.0369569125700708e-09,4.17168257810348e-13,2.01950134126605e-06
1.9746100665524904e-10,1.5563998418266179e-07,9.642970047740735e-08,1.379871842428741e-11,1.2377912570398746e-10,2.826441838895895e-06,0.00025666928524440265,0.0007700034250604338,3.0268384857521604e-07,3.251549246817929e-13,2.0029632488155813e-09,2.0095964968849725e-09,4.5183195298210285e-12,5.778052619172554e-08,1.0485407699703643e-09,4.1507475289814247e-13,4.894382893638749e-06
2.023949739713596e-10,1.5565533680176968e-07,9.646055146872064e-08,1.390154141203741e-11,1.2266891213403156e-10,2.8264247379477727e-06,0.0002566692807152227,0.0007700034269547909,3.026833935649108e-07,3.557491295934748e-13,2.0031570234542065e-09,2.007062567478504e-09,4.669548087002948e-12,5.776637201191546e-08,1.064692563312909e-09,4.1223693711628974e-13,7.769264446011448e-06
2.0897290307090474e-10,1.5567715422736246e-07,9.649877494849954e-08,1.4030910402735434e-11,1.212472700252896e-10,2.8264006645164576e-06,0.0002566692746645211,0.0007700034316148718,3.026827851591639e-07,4.0255053054741603e-13,2.003385493936482e-09,2.0037804808985807e-09,4.886818310776437e-12,5.774727903720665e-08,1.0863518614236172e-09,4.086018013913234e-13,1.2002028189073144e-05
2.171648020411137e-10,1.5570639042854016e-07,9.654234639206526e-08,1.4181224626163704e-11,1.19558887643577e-10,2.8263687428104797e-06,0.0002566692671098711,0.0007700034404715811,3.0268202297556346e-07,4.710950759231917e-13,2.003620894072004e-09,1.9998417286136573e-09,5.182654374015969e-12,5.772317282720388e-08,1.1135051386648704e-09,4.042994365834354e-13,1.623479193213484e-05
2.260500686719244e-10,1.557376250591717e-07,9.65874866180052e-08,1.4341532563517424e-11,1.1777620731465684e-10,2.8263345626024693e-06,0.00025666925891452465,0.000770003450758747,3.026812109140834e-07,5.372850318394282e-13,2.003894216689158e-09,1.9955883877335733e-09,5.49339746095547e-12,5.7697235160344504e-08,1.142731084341998e-09,3.995809723953309e-13,2.0467555675196536e-05
2.3640431633133765e-10,1.5577675860240128e-07,9.663398555992675e-08,1.4512010081700192e-11,1.1582634544617172e-10,2.8262921601030804e-06,0.0002566692493392472,0.0007700034671296696,3.0268026323543123e-07,6.255134622727325e-13,2.004147157482091e-09,1.9908449479451606e-09,5.889794636475935e-12,5.7666614294308015e-08,1.1769694511585814e-09,3.942927825367266e-13,2.7668962907512196e-05
2.4909245468823975e-10,1.558312564749331e-07,9.668335587692328e-08,1.4693957121612927e-11,1.1358816859573368e-10,2.8262340481200877e-06,0.0002566692375606751,0.000770003494517762,3.0267906678069794e-07,7.729948076963295e-13,2.004286584897919e-09,1.9854152638256387e-09,6.466755903949663e-12,5.7627815729660196e-08,1.2198104533855509e-09,3.8828368325479454e-13,3.4870370139827855e-05
2.641523945648618e-10,1.55907222626961e-07,9.67332510937539e-08,1.4871781417330087e-11,1.110946410827814e-10,2.826154489526043e-06,0.00025666922350821373,0.0007700035376168617,3.0267756427665897e-07,1.0266798447044777e-12,2.0041440748007373e-09,1.9795697780165142e-09,7.314907415247542e-12,5.757942431252119e-08,1.2723912401436764e-09,3.820234867368973e-13,4.2071777372143515e-05
2.812042403250684e-10,1.5599563829651585e-07,9.678246682557789e-08,1.5047991126103807e-11,1.0844231562932054e-10,2.8260620851215098e-06,0.0002566692076222078,0.0007700035912054157,3.0267586293282265e-07,1.3161739856285284e-12,2.0038950007165768e-09,1.9731828999562985e-09,8.330894437350843e-12,5.7524235182541375e-08,1.3320782449662349e-09,3.7343365189921087e-13,4.9273184604459175e-05
3.004924972317046e-10,1.5613366316342946e-07,9.68286192669623e-08,1.5166956139559097e-11,1.0553464177328869e-10,2.8259221828230544e-06,0.0002566691893553356,0.0007700036781694094,3.026735419459971e-07,1.994891475285366e-12,2.0025173495469877e-09,1.967765729024417e-09,1.005318330765636e-11,5.7453573834580536e-08,1.4059875311005708e-09,3.6915543287076353e-13,6.270246548822911e-05
3.202743997144312e-10,1.5632589847180743e-07,9.68675517494604e-08,1.5192966328622922e-11,1.0257011377272678e-10,2.8257315953221582e-06,0.00025666917019932323,0.0007700038005107624,3.0267061237531664e-07,3.1752555410270523e-12,1.99965179403016e-09,1.964556005869104e-09,1.2575597408755493e-11,5.7369982398791494e-08,1.4905277633349453e-09,3.73410233154112e-13,7.613174637199904e-05
3.385218363804428e-10,1.5661514403527137e-07,9.689938707192349e-08,1.5045496951430433e-11,9.950009056234763e-11,2.8254515523245342e-06,0.00025666915147320193,0.0007700039798889893,3.0266683195759694e-07,5.248534681494275e-12,1.9940312031897693e-09,1.9661815479903957e-09,1.632865506130891e-11,5.726814159278157e-08,1.5888160317086356e-09,4.0284055660060785e-13,8.956102725576898e-05
3.536866324703508e-10,1.5696227072396586e-07,9.692291285058436e-08,1.476223563726666e-11,9.660472438016733e-11,2.82511939633299e-06,0.00025666913489527806,0.0007700041919637779,3.0266266726266055e-07,7.907612581038389e-12,1.986531628151836e-09,1.9718753346896166e-09,2.0795687122882297e-11,5.71599117209262e-08,1.6899138152308274e-09,4.5201100588947465e-13,0.00010299030813953891
3.645390957508784e-10,1.573285651337844e-07,9.693734290011184e-08,1.4385247106540929e-11,9.413158540535468e-11,2.8247719036976187e-06,0.00025666912189903585,0.0007700044128858175,3.026585653946104e-07,1.0839595633897933e-11,1.9780536363074764e-09,1.980720358077299e-09,2.546590875145843e-11,5.7056442339413626e-08,1.7837058222050652e-09,5.149449893159576e-13,0.00012370516899551376
3.7030424599292335e-10,1.5766826664640966e-07,9.694239201420854e-08,1.3971320635758256e-11,9.231531291888291e-11,2.8244521680361754e-06,0.00025666911359751486,0.000770004615218427,3.0265499870284597e-07,1.367013619882008e-11,1.969715890313515e-09,1.9912985584966494e-09,2.976524993421045e-11,5.6969430904686645e-08,1.8599342218021296e-09,5.827241677723448e-13,0.00013782015005503467
3.7236737356778347e-10,1.5796950046259526e-07,9.694319474028839e-08,1.3566622841835941e-11,9.098086262439564e-11,2.8241703878344438e-06,0.0002566691088642688,0.000770004791770167,3.026520420528138e-07,1.623517030819568e-11,1.962042077265431e-09,2.002245260356209e-09,3.3496562705365504e-11,5.689865483888796e-08,1.9200400465228044e-09,6.509410174463702e-13,0.0001519351311145556
3.71459870250597e-10,1.5821997943476878e-07,9.694143698228006e-08,1.3200950583544506e-11,9.008572772702532e-11,2.823937509762564e-06,0.00025666910717299244,0.0007700049357516947,3.0264980556650597e-07,1.838329690032319e-11,1.9554720516072333e-09,2.0125961198209104e-09,3.647590747861905e-11,5.684535774112444e-08,1.9636635869823275e-09,7.153542759721585e-13,0.0001543776601238278
3.689947600925316e-10,1.5839560358695707e-07,9.693881395942328e-08,1.2922629703568042e-11,8.959821755111952e-11,2.823775213142417e-06,0.00025666910755263493,0.000770005034708156,3.0264838418905234e-07,1.990732208929196e-11,1.9507371314546385e-09,2.020709417037153e-09,3.848423240428755e-11,5.681167001491872e-08,1.9900109879815105e-09,7.664849906772882e-13,0.00015682018913310003
3.653106346332794e-10,1.5851760090330658e-07,9.693586436280439e-08,1.2708358905908821e-11,8.940110589598748e-11,2.823663408927247e-06,0.00025666910948868364,0.0007700051010013477,3.0264763104564074e-07,2.0930547891380024e-11,1.947373154741309e-09,2.0271482031241125e-09,3.9713215999528765e-11,5.679250863249987e-08,2.0036871875568793e-09,8.088123096372134e-13,0.00015926271814237225
3.6140831175112297e-10,1.5865220006876975e-07,9.693331176834408e-08,1.248292243581321e-11,8.915325339776574e-11,2.823539763657655e-06,0.00025666911145062385,0.0007700051737778667,3.0264691848775446e-07,2.1959278418609248e-11,1.9437874716024487e-09,2.0339636804794956e-09,4.0936342474228834e-11,5.6771623020423046e-08,2.018945237662472e-09,8.552721134122406e-13,0.0001641477761609167
3.562311778842566e-10,1.5882976279863024e-07,9.692997318390679e-08,1.2196795369593747e-11,8.882827796675694e-11,2.8233764557476605e-06,0.0002566691140336736,0.0007700052692002545,3.026461405187604e-07,2.319366035079755e-11,1.9391641571400595e-09,2.0427840297853965e-09,4.238644547912269e-11,5.6745150011472854e-08,2.0383862946643125e-09,9.154708217785292e-13,0.00016903283417946113
3.4901814271009265e-10,1.5908487288553984e-07,9.692553205283564e-08,1.1788930536972742e-11,8.834092843878662e-11,2.8231415689532074e-06,0.0002566691175655314,0.0007700054064709913,3.0264504111220586e-07,2.49346700872946e-11,1.9325506227311173e-09,2.055252276378734e-09,4.444295758591128e-11,5.670670176369627e-08,2.0669599015195333e-09,1.0007823494541186e-12,0.00017391789219800557
3.395492170554675e-10,1.5940326269508838e-07,9.691932963845049e-08,1.1298707631124898e-11,8.778477317156297e-11,2.8228482918511447e-06,0.00025666912231264044,0.000770005576177437,3.026440183935893e-07,2.6878175046228612e-11,1.9244466183000977e-09,2.07072226367761e-09,4.6676289031284414e-11,5.66620045453294e-08,2.0999385606409937e-09,1.1053782556766163e-12,0.00018391014324592447
3.2807750937428635e-10,1.5979044421897062e-07,9.691040032986107e-08,1.0747785934753837e-11,8.715732366840982e-11,2.82249130108053e-06,0.00025666912791597057,0.0007700057807958535,3.0264324021194513e-07,2.8898148796377087e-11,1.914857723479895e-09,2.089252030125777e-09,4.892958116636959e-11,5.661199971354528e-08,2.1366236671607162e-09,1.2260118210887516e-12,0.00019390239429384337
3.1557990605355027e-10,1.6023951197631197e-07,9.689767134209939e-08,1.0185298970596672e-11,8.646418831782487e-11,2.8220767419237384e-06,0.0002566691334958024,0.0007700060165415633,3.0264287069420417e-07,3.0805279432856406e-11,1.904131444592228e-09,2.1103020498812527e-09,5.099337324888136e-11,5.6559101715125975e-08,2.175197373284642e-09,1.3535669104962082e-12,0.00020389464534176227
3.032698467742149e-10,1.6075057268191662e-07,9.687969313403304e-08,9.654077394399566e-12,8.567290174889239e-11,2.821604413180291e-06,0.0002566691378801981,0.0007700062841205359,3.0264292567412317e-07,3.251748340674199e-11,1.892436580466077e-09,2.133751817766609e-09,5.282035907070413e-11,5.650366345162931e-08,2.2153428963351908e-09,1.4798980544319484e-12,0.00021388689638968117
2.9266951607610986e-10,1.6129785432603695e-07,9.685622229935622e-08,9.211711185668673e-12,8.480035346580676e-11,2.821098136449791e-06,0.0002566691399432976,0.0007700065704812475,3.0264338991046034e-07,3.390717900135257e-11,1.880472560329133e-09,2.158325263349481e-09,5.430972999788977e-11,5.6448857467092384e-08,2.2546547851513066e-09,1.5928192563716931e-12,0.0002281526544685164
2.865000273950113e-10,1.6187982209804672e-07,9.682289756024514e-08,8.966829952568027e-12,8.377268852793266e-11,2.8205597888665303e-06,0.0002566691371429038,0.0007700068767572862,3.026443361808568e-07,3.4740285659373303e-11,1.868842232384316e-09,2.1844841329148078e-09,5.5309163627146526e-11,5.6395265185209556e-08,2.2917817830337616e-09,1.6722153217861095e-12,0.00024241841254735164
2.853866727576078e-10,1.6249694681379346e-07,9.677881711766952e-08,8.928863797345117e-12,8.254705448403966e-11,2.8199894741010166e-06,0.0002566691289867415,0.0007700072047261173,3.026455872813527e-07,3.5095415590692154e-11,1.857625784402556e-09,2.212865789089789e-09,5.5975090479907166e-11,5.634063431059972e-08,2.327954853154065e-09,1.715839285929772e-12,0.00025668417062618687
2.898216721553852e-10,1.6313043002034375e-07,9.672410611981891e-08,9.1198997714337e-12,8.113101883310153e-11,2.8194050511314674e-06,0.00025666911543108527,0.0007700075454737249,3.026471055223066e-07,3.491097712429189e-11,1.847372520602504e-09,2.2433356194347343e-09,5.6265747357714964e-11,5.628542673431683e-08,2.3623843244651868e-09,1.7176497639022213e-12,0.0002709499287050221
2.9958485450406265e-10,1.6375775702219448e-07,9.666008208381724e-08,9.541906091714908e-12,7.955158697749723e-11,2.818827650145026e-06,0.0002566690972489908,0.000770007887689132,3.0264892178744876e-07,3.4109386458210387e-11,1.8386613814410306e-09,2.275622404216282e-09,5.6075056110611197e-11,5.623034768821564e-08,2.3942696342718383e-09,1.6741547475198324e-12,0.00028521568678385734
3.136710372152081e-10,1.6435147564289927e-07,9.65896151559976e-08,1.0171594415414745e-11,7.785517492480943e-11,2.8182827026656856e-06,0.0002566690760772562,0.000770008216853115,3.0265110720046757e-07,3.2630564428736317e-11,1.8320792142318551e-09,2.309080929421125e-09,5.526181462477231e-11,5.617662923564783e-08,2.4227149866154233e-09,1.5867029853503373e-12,0.00030211707805349874
3.296158978330922e-10,1.649200101927973e-07,9.651512316658704e-08,1.0934934176041563e-11,7.604133404240511e-11,2.8177621388984885e-06,0.0002566690544542351,0.0007700085366379739,3.0265380020829445e-07,3.05184560939672e-11,1.8273710254109299e-09,2.3444471754994095e-09,5.3763667121903016e-11,5.612218909127477e-08,2.4494526600247653e-09,1.4683359422146062e-12,0.0003152133980357519
3.4505374997972686e-10,1.654555511950698e-07,9.644030743566536e-08,1.1762350652530875e-11,7.416685067641653e-11,2.817272417048687e-06,0.0002566690349938913,0.000770008841727399,3.0265716852989527e-07,2.781024308399023e-11,1.824578976702673e-09,2.3811982194645634e-09,5.1441596163079365e-11,5.606732112963358e-08,2.474900361316372e-09,1.329707963263618e-12,0.000328309718018005
3.5675321180411397e-10,1.6596863136426483e-07,9.636629791321588e-08,1.2599862087118303e-11,7.216036169735015e-11,2.816802322907561e-06,0.00025666902130198096,0.000770009137781063,3.0266155264495995e-07,2.4413310013271946e-11,1.8240894704295375e-09,2.419738991722851e-09,4.802357391441257e-11,5.601070302141648e-08,2.5001581551349383e-09,1.1818426477622077e-12,0.00034140603800025815
3.6371039627473116e-10,1.6642583044426862e-07,9.629974331405778e-08,1.3351992623696338e-11,7.02126484141959e-11,2.816382278475523e-06,0.00025666901405159903,0.0007700094040514838,3.026664226069555e-07,2.0797361933979062e-11,1.825346283550778e-09,2.456436631181924e-09,4.40083218494548e-11,5.5957203081405694e-08,2.5235508113674124e-09,1.0435347361169441e-12,0.0003545023579825113
3.658790435773063e-10,1.668058717137953e-07,9.624487868009973e-08,1.3958035784559105e-11,6.846566244706216e-11,2.8160317718768336e-06,0.00025666901284538644,0.0007700096270017964,3.026712743660679e-07,1.7358060859644754e-11,1.827751517114809e-09,2.4885286834679305e-09,3.988048090567964e-11,5.591048895959607e-08,2.543817555456023e-09,9.279269377566044e-13,0.00036783395732697954
3.64788642105865e-10,1.6711984392138414e-07,9.620085083170548e-08,1.442093790396047e-11,6.695793617066577e-11,2.815740970812002e-06,0.0002566690153591273,0.0007700098116543183,3.0267571506118143e-07,1.4356865001697451e-11,1.830457791589182e-09,2.515449669580706e-09,3.606615439408216e-11,5.5871006252551965e-08,2.561092100050989e-09,8.38228900581806e-13,0.0003811655566714478
3.611936482852852e-10,1.6735422827685577e-07,9.616896683816786e-08,1.4731648154300894e-11,6.57670581628939e-11,2.8155226030319652e-06,0.0002566690206106816,0.0007700099501005116,3.026794260233389e-07,1.1977376932125181e-11,1.8332248183370112e-09,2.5358117127792674e-09,3.2847646779390834e-11,5.584082466017071e-08,2.574388786203247e-09,7.774167138237478e-13,0.00039449715601591606
3.563269554544623e-10,1.675161793229322e-07,9.61476792012163e-08,1.4913080066127423e-11,6.489504331060848e-11,2.8153705143998103e-06,0.0002566690270412508,0.0007700100462516073,3.0268225959431214e-07,1.0269365706313725e-11,1.8357393847265769e-09,2.5498001602135262e-09,3.037608209300112e-11,5.581971633136137e-08,2.5837754467745603e-09,7.421479949291894e-13,0.00039679798637237695
3.5193048655411674e-10,1.676115651023044e-07,9.613577327467037e-08,1.4997463075572338e-11,6.434981936464922e-11,2.8152801491837204e-06,0.00025666903260434696,0.0007700101031281526,3.0268409015068284e-07,9.23739996150478e-12,1.8375894447798715e-09,2.5579259356447913e-09,2.877448148747468e-11,5.5807128979428875e-08,2.5894728615048195e-09,7.260379298975979e-13,0.00039909881672883785
3.480106712227527e-10,1.6766737575739163e-07,9.612913770950653e-08,1.5025886512435832e-11,6.400118711114386e-11,2.815226495995701e-06,0.00025666903737152976,0.0007700101366892298,3.0268526488964965e-07,8.640901268321208e-12,1.8390068350725796e-09,2.562377863724547e-09,2.774574555207863e-11,5.579990043717115e-08,2.5928043511895446e-09,7.219785591231006e-13,0.00040139964708529874
3.4409393497179314e-10,1.677113787684481e-07,9.612361016769967e-08,1.503500972422708e-11,6.370985390860163e-11,2.8151836028637718e-06,0.000256669042009626,0.0007700101634960478,3.026862039863714e-07,8.202469488769734e-12,1.8403588231544212e-09,2.5654634366794972e-09,2.6924180508513316e-11,5.579467462810544e-08,2.5951670009874073e-09,7.231421973071034e-13,0.0004050048730626088
3.3943540094601116e-10,1.677669375340557e-07,9.611622221462056e-08,1.505041699008492e-11,6.336335011839904e-11,2.8151294757595334e-06,0.0002566690475002297,0.0007700101974062652,3.026873338039776e-07,7.674540645238341e-12,1.8420149563344084e-09,2.56920024134268e-09,2.5935594675608935e-11,5.57883446469799e-08,2.5979915444133228e-09,7.236573114560024e-13,0.00040861009903991885
3.319864496778238e-10,1.6786094670945305e-07,9.610263748708115e-08,1.508361442691303e-11,6.279067148140084e-11,2.8150380234555095e-06,0.00025666905629516407,0.0007700102550362403,3.0268912606281006e-07,6.781368835608951e-12,1.844735003295964e-09,2.5754020315702144e-09,2.4368623176055867e-11,5.577812796965832e-08,2.602342762898813e-09,7.228974873853545e-13,0.0004122153250172289
3.2176819856360274e-10,1.6796996114355197e-07,9.608483063269409e-08,1.509325827897412e-11,6.212572565652952e-11,2.814930761552887e-06,0.0002566690681780387,0.0007700103229538138,3.0269121541133765e-07,5.791988743733758e-12,1.848321736428046e-09,2.581698071566459e-09,2.2537651871870145e-11,5.576785155941757e-08,2.6063232790976025e-09,7.284801278650576e-13,0.00042105538688375077
3.086372867199769e-10,1.6808930442487237e-07,9.606180833911891e-08,1.5064434137440322e-11,6.141292395448889e-11,2.814811713044817e-06,0.0002566690832650378,0.0007700103989542024,3.0269351397518014e-07,4.757459957964774e-12,1.8527934324431558e-09,2.587366865741285e-09,2.0517593469895056e-11,5.5759043015702807e-08,2.608973774267062e-09,7.428538813752026e-13,0.00042989544875027264
2.931168275680774e-10,1.6821076694402796e-07,9.6033771461361e-08,1.499098596319839e-11,6.071339722158921e-11,2.8146886646716377e-06,0.0002566691009186484,0.0007700104783555427,3.0269585317508766e-07,3.763739478392019e-12,1.8579608640840756e-09,2.5916802220634823e-09,1.845318032717684e-11,5.5753139389185194e-08,2.609493959453413e-09,7.669104634086948e-13,0.0004387355106167945
2.751697117310165e-10,1.6833101150554062e-07,9.599803585367402e-08,1.485739558801734e-11,6.008943732551597e-11,2.8145644190565834e-06,0.0002566691211497441,0.0007700105601709533,3.0269816275708803e-07,2.8420549839583523e-12,1.8638190579912744e-09,2.5940474766984166e-09,1.6407742602705437e-11,5.5752041015357096e-08,2.606471378912969e-09,8.023627547953716e-13,0.00045005405376485896
2.554659303023823e-10,1.6844219495594999e-07,9.595177343591016e-08,1.465519427088476e-11,5.964296560793445e-11,2.814446331480722e-06,0.0002566691431845809,0.0007700106409109932,3.0270028539058447e-07,2.063252991797717e-12,1.8701775471739696e-09,2.5937269224171634e-09,1.4518827026289057e-11,5.575815417064876e-08,2.5981690548050418e-09,8.501640551696011e-13,0.00046137259691292343
2.3502703002774e-10,1.6853467879128046e-07,9.589223653761068e-08,1.4375739385199473e-11,5.949927056069589e-11,2.8143437553006792e-06,0.0002566691658644255,0.0007700107159663444,3.0270204617638745e-07,1.4968102353053237e-12,1.8767089552131903e-09,2.5900930707072662e-09,1.2947300536187701e-11,5.577389191646529e-08,2.5828193085896757e-09,9.099814124812442e-13,0.0004726911400609879
2.1382950304927138e-10,1.6861519988595624e-07,9.581375188617612e-08,1.4023285132285837e-11,5.969391293817502e-11,2.8142502856362355e-06,0.00025666918930345866,0.0007700107909908272,3.027035943178487e-07,1.0525608246545004e-12,1.883518293269592e-09,2.583778514323283e-09,1.1571269702900975e-11,5.5799728378137176e-08,2.5594442078877256e-09,9.805741372696713e-13,0.00048400968320905235
1.9254020754378405e-10,1.6868140065730736e-07,9.57117267294799e-08,1.3601725761681977e-11,6.032164069732395e-11,2.814168438467158e-06,0.0002566692128064012,0.0007700108662380428,3.027049195864553e-07,7.21460901079961e-13,1.89045435401004e-09,2.5749295321069023e-09,1.0410756622164534e-11,5.5836896521489564e-08,2.5267714720545695e-09,1.0604748790525115e-12,0.0004970968652315833
1.720583507206247e-10,1.6873014143280465e-07,9.558179732787667e-08,1.3121837433775368e-11,6.148545434517906e-11,2.814101662927519e-06,0.00025666923542937695,0.0007700109415285736,3.027060107968926e-07,4.985006676760734e-13,1.8973161097989964e-09,2.563823649540808e-09,9.487054328084971e-12,5.588625568505404e-08,2.483811210486964e-09,1.1471963929521523e-12,0.0005101840472541141
1.5234750817080688e-10,1.6876291271916762e-07,9.54185203747748e-08,1.2589789894874497e-11,6.326090279359223e-11,2.8140486599940017e-06,0.0002566692572660564,0.0007700110198680676,3.027069668272276e-07,3.373238931635802e-13,1.904153311510523e-09,2.5509160974981555e-09,8.72649582240302e-12,5.594820383579093e-08,2.4297972208225422e-09,1.239096285554411e-12,0.000523271229276645
1.3395044848991652e-10,1.6877725803971998e-07,9.521747862209109e-08,1.2019990285772626e-11,6.574760036777735e-11,2.814012119366177e-06,0.00025666927776921557,0.0007700111018054897,3.027078167913852e-07,2.2563319477173367e-13,1.9108873609898407e-09,2.536548839821172e-09,8.112033828022709e-12,5.602299484544654e-08,2.364231277414824e-09,1.3333301142248626e-12,0.0005363584112991759
1.171472971923363e-10,1.6876964380067451e-07,9.497541297697427e-08,1.1426285375997709e-11,6.904496882598562e-11,2.8139958491003325e-06,0.0002566692966492671,0.0007700111869851356,3.0270858805443357e-07,1.5015588591417714e-13,1.9174191474984668e-09,2.521092445098063e-09,7.628519901761834e-12,5.611039601116189e-08,2.2870944144589396e-09,1.4262187089339953e-12,0.0005494455933217068
1.0236789101350338e-10,1.687353956846635e-07,9.469068709911565e-08,1.0828707047511312e-11,7.324475106286878e-11,2.8140048683922177e-06,0.0002566693134548098,0.0007700112739619445,3.02709295578707e-07,1.0370849364369061e-13,1.9236289499790864e-09,2.5049533438335103e-09,7.264416975005253e-12,5.6209533655017115e-08,2.1989820483622804e-09,1.513194987115285e-12,0.0005625327753442377
8.928893757898129e-11,1.6867042120165907e-07,9.43609835524335e-08,1.0233214379717287e-11,7.844721812180203e-11,2.814043187372531e-06,0.0002566693285453432,0.000770011361979665,3.027099862937746e-07,7.172572652171601e-14,1.9295817307309153e-09,2.488280958028343e-09,6.9764198779253244e-12,5.631998076484435e-08,2.1001883603314874e-09,1.591417350321693e-12,0.0005756199573667686
7.78983416914015e-11,1.6856817425271217e-07,9.398648996553876e-08,9.653492442166013e-12,8.474454506428825e-11,2.81411740783937e-06,0.00025666934193606345,0.0007700114480598426,3.027106684530613e-07,5.104680160282528e-14,1.935255956566245e-09,2.4712515160571153e-09,6.744311860522112e-12,5.64406631930082e-08,1.991663394394365e-09,1.657091801436007e-12,0.0005887071393892995
6.802901697317149e-11,1.684209073914881e-07,9.356995255777627e-08,9.095676344129559e-12,9.221051201982353e-11,2.8142353306227117e-06,0.0002566693537996852,0.0007700115275955187,3.0271134592517025e-07,3.604847146895642e-14,1.9406280187351825e-09,2.454013893144524e-09,6.548378110908888e-12,5.6570070829405496e-08,1.874827046148487e-09,1.7066208813654591e-12,0.0006017943214118304
5.95980424382818e-11,1.6822002693160082e-07,9.31166138857554e-08,8.569125165822593e-12,1.0088501563522005e-10,2.8144056392374927e-06,0.000256669364220346,0.000770011594568419,3.0271200400799536e-07,2.5531412340208585e-14,1.9456744307883193e-09,2.43669816163865e-09,6.371439217743595e-12,5.6706252741875474e-08,1.7515496052601504e-09,1.7369352369204846e-12,0.0006148815034343613
5.24104341949455e-11,1.6794619063194088e-07,9.262876450292176e-08,8.076640045390858e-12,1.1095263516538445e-10,2.8146473321898386e-06,0.00025666937342509337,0.0007700116384915771,3.0271261010696187e-07,1.7562744675074426e-14,1.9504163896578775e-09,2.419184925228613e-09,6.193669798507256e-12,5.6848661083770926e-08,1.622509724459068e-09,1.7445142320528665e-12,0.0006279686854568922
4.64409253644763e-11,1.6760218428858264e-07,9.212697202696947e-08,7.629885842382738e-12,1.2207159699396278e-10,2.814958484868677e-06,0.00025666938140111084,0.0007700116530102739,3.027131240078228e-07,1.2596430870243526e-14,1.9547772957330985e-09,2.4018901291644763e-09,6.006610994586327e-12,5.699207451401322e-08,1.492597734259901e-09,1.7299378117297841e-12,0.0006410558674794231
4.151581345634526e-11,1.6719225696103838e-07,9.163101000487619e-08,7.234548686370159e-12,1.3387664485339485e-10,2.815335623979887e-06,0.0002566693882951564,0.0007700116326419724,3.027135069053174e-07,8.319638804291686e-15,1.9587114585215044e-09,2.3851372986004107e-09,5.804955018891296e-12,5.713195219315926e-08,1.3660846782421439e-09,1.6952210027387646e-12,0.000654143049501954
3.7639639083664295e-11,1.6672214100702954e-07,9.115890450516297e-08,6.894841240651535e-12,1.459886535348306e-10,2.8157736994583505e-06,0.0002566693940796135,0.0007700115731670212,3.027137220595201e-07,6.904222075912816e-15,1.9622014380776268e-09,2.369157606504693e-09,5.585781362802764e-12,5.726460436497556e-08,1.2464487174327435e-09,1.6435666968120422e-12,0.0006672302315244849
3.452047890264216e-11,1.6621181672909767e-07,9.072792798463228e-08,6.610988083913599e-12,1.5789383152140785e-10,2.8162536844989195e-06,0.0002566693990070876,0.0007700114779244297,3.0271376093099966e-07,5.33131797696783e-15,1.9652266325076252e-09,2.354304158698569e-09,5.354625025533298e-12,5.738612961736125e-08,1.1372543909580487e-09,1.5803243897071757e-12,0.0006803174135470158
3.2236401831295784e-11,1.6564083422926718e-07,9.034538009554096e-08,6.378631226564194e-12,1.695685507989096e-10,2.8167955604493627e-06,0.00025666940306025635,0.0007700113328851621,3.0271356237551776e-07,4.380939139004728e-15,1.967881725664194e-09,2.3401503958317113e-09,5.105614236704402e-12,5.749764706884783e-08,1.0377272050448937e-09,1.5065693261722592e-12,0.0006910314578441046
3.040574369163609e-11,1.649699354875886e-07,9.002489868015256e-08,6.195903756097794e-12,1.8102108658285419e-10,2.817437653644944e-06,0.000256669406732382,0.0007700111110049543,3.0271303337376126e-07,3.688923748551091e-15,1.9702980565880534e-09,2.3259094207396324e-09,4.832592053215217e-12,5.760168189024651e-08,9.460127723690852e-10,1.421921210767098e-12,0.0007017455021411934
2.90860672861087e-11,1.6427248868295382e-07,8.977609578468526e-08,6.0607891279399126e-12,1.9141055276375897e-10,2.818108520599038e-06,0.0002566694098295976,0.0007700108463856854,3.027122915620566e-07,3.1366317570668427e-15,1.9723995844964505e-09,2.3125089882728934e-09,4.562963065855624e-12,5.769307953693117e-08,8.663778370281456e-10,1.3365807408388644e-12,0.0007124595464382821
2.8194978409450044e-11,1.6360641891483753e-07,8.959791599855003e-08,5.967114059626395e-12,2.0023699553813902e-10,2.818751432106675e-06,0.000256669412337364,0.0007700105694473021,3.027114516942074e-07,2.7799027355667374e-15,1.974156834305653e-09,2.300562903222639e-09,4.3172413705294126e-12,5.7769395361849136e-08,8.006581303829302e-10,1.2579090631918357e-12,0.0007231735907353709
2.762640507915413e-11,1.630119707301026e-07,8.948058070725307e-08,5.9063824511058665e-12,2.073260725017657e-10,2.8193266515702608e-06,0.0002566694143045034,0.0007700103050385807,3.0271061457455086e-07,2.5357103433501975e-15,1.9755791302809064e-09,2.2903868740570458e-09,4.10805201046331e-12,5.783050353323183e-08,7.486420675271019e-10,1.190279567652752e-12,0.0007362368925996066
2.7269040699003718e-11,1.6252018140486536e-07,8.94073618639885e-08,5.868096892806696e-12,2.1272903238527217e-10,2.8198032827755086e-06,0.0002566694158009177,0.000770010076262125,3.027098751961098e-07,2.356447689702265e-15,1.976688935124364e-09,2.2821795953273716e-09,3.9420700789210865e-12,5.78774734569362e-08,7.090348933765732e-10,1.1361171511048762e-12,0.0007470583660875718
2.7113400388232392e-11,1.6214453726431974e-07,8.937500608762375e-08,5.850725776435895e-12,2.164044301623213e-10,2.820168051356507e-06,0.0002566694168113078,0.0007700098915376573,3.0270926814374925e-07,2.253233315048926e-15,1.9774735914046146e-09,2.276095115991749e-09,3.822559476137144e-12,5.790995932624959e-08,6.820368803404695e-10,1.096389280113853e-12,0.0007489236886790707
2.7094498934930783e-11,1.618775319240936e-07,8.937159226887469e-08,5.847851654114534e-12,2.1864290005778694e-10,2.8204278405831546e-06,0.0002566694174306299,0.0007700097518233864,3.027088067985454e-07,2.199957566315037e-15,1.9779892291626374e-09,2.2718718077759255e-09,3.744127221979836e-12,5.7930539858677704e-08,6.652856960162392e-10,1.0695375065732655e-12,0.0007507890112705695
2.7150092301965775e-11,1.617169375311062e-07,8.938157296090616e-08,5.8517817108166246e-12,2.1975861824635966e-10,2.8205844041130432e-06,0.0002566694177323607,0.0007700096626030875,3.0270851152784143e-07,2.1823088557258577e-15,1.978274939824987e-09,2.2693882617353425e-09,3.701173842215064e-12,5.7941418490427236e-08,6.566705915992304e-10,1.0542716880933212e-12,0.0007526543338620684
2.7229564412040325e-11,1.6160599739024493e-07,8.939910183930495e-08,5.859409859920186e-12,2.203236958756491e-10,2.8206927832954575e-06,0.00025666941790047264,0.0007700095962949846,3.027082964499824e-07,2.173022872709066e-15,1.9784575481889714e-09,2.267684119573942e-09,3.6755230032941064e-12,5.7947834300220006e-08,6.518152052510981e-10,1.0444770329578163e-12,0.0007545196564535672
2.7406559176722097e-11,1.6144883179653036e-07,8.941952211999707e-08,5.8679358045270025e-12,2.21204208706153e-10,2.8208461261042392e-06,0.0002566694180825574,0.0007700095041242829,3.0270800551242635e-07,2.1723405469295025e-15,1.9787366395595293e-09,2.26518473403229e-09,3.63816985397695e-12,5.7957824177898093e-08,6.441035001273797e-10,1.0302364165080978e-12,0.0007582503016365649
2.7476847729690324e-11,1.6118429522181287e-07,8.945367020425742e-08,5.882172153489726e-12,2.2269929378887638e-10,2.821104132987933e-06,0.0002566694186232664,0.0007700093489426685,3.027075235953282e-07,2.1441508310859323e-15,1.979216971188521e-09,2.2609169773729036e-09,3.5747643852106994e-12,5.797500378293687e-08,6.308099910793821e-10,1.0061063383435745e-12,0.0007619809468195626
2.7648355117160117e-11,1.6087864694574003e-07,8.950041219803453e-08,5.901696975506359e-12,2.2428565849084602e-10,2.8214023854532413e-06,0.00025666941915823243,0.0007700091664180078,3.027069610838519e-07,2.1208759483474443e-15,1.9797623670919264e-09,2.255990937760116e-09,3.5047792065390468e-12,5.799414634992147e-08,6.161572155855113e-10,9.787508312365863e-13,0.0007657115920025603
2.79361103686731e-11,1.6051454065879221e-07,8.95753138636166e-08,5.934187728829313e-12,2.258168273924803e-10,2.821757916994915e-06,0.00025666941972574044,0.000770008940304984,3.027062872510536e-07,2.1070446230275266e-15,1.980402377042151e-09,2.2500301254761694e-09,3.4269091759047473e-12,5.8015538000151486e-08,6.002073938265795e-10,9.471580427837443e-13,0.0007728582524002547
2.8416635019925744e-11,1.6009132616179956e-07,8.969273935665246e-08,5.9874857807684235e-12,2.2703719765162091e-10,2.8221714281500785e-06,0.0002566694202698025,0.0007700086636679333,3.027055055753485e-07,2.1143397342810614e-15,1.9811417214167965e-09,2.242880055873747e-09,3.3427061854397417e-12,5.803846789188995e-08,5.838175087618847e-10,9.117203337240377e-13,0.0007800049127979491
2.916706039260106e-11,1.5962435812327832e-07,8.986366586940791e-08,6.068778947035806e-12,2.2762702396203193e-10,2.8226279377305027e-06,0.00025666942070104475,0.0007700083395204273,3.0270465108950006e-07,2.157269736445508e-15,1.981962309651542e-09,2.234609969541942e-09,3.2558044087571346e-12,5.806140653426572e-08,5.684584286148069e-10,8.740476746322567e-13,0.0007871515731956436
3.026553250011107e-11,1.5911791424434438e-07,9.009593501038746e-08,6.1846681480939245e-12,2.2741387785753695e-10,2.8231231672251583e-06,0.00025666942095612256,0.0007700079664263635,3.027037393624168e-07,2.2495074781570618e-15,1.9828732739818362e-09,2.225097150232535e-09,3.1647902994070675e-12,5.8083956271226354e-08,5.546412873035627e-10,8.343500473365857e-13,0.000794298233593338
3.159390746392035e-11,1.5860772121372429e-07,9.037351793515187e-08,6.325412842121731e-12,2.2641842249013063e-10,2.8236221871034474e-06,0.0002566694210544922,0.000770007570432878,3.027028447645596e-07,2.3601145024564497e-15,1.9838081463664593e-09,2.2150272268418916e-09,3.074844073177485e-12,5.8104671395118504e-08,5.431854613311337e-10,7.954640579920815e-13,0.0008054641273922414
3.336227807578629e-11,1.5811165100430005e-07,9.071316194645446e-08,6.50763738862877e-12,2.2419289773299027e-10,2.824107330172096e-06,0.0002566694208043646,0.0007700071531917971,3.0270200288250053e-07,2.5229946655050737e-15,1.9847738327965255e-09,2.2042421383930303e-09,2.985261635132134e-12,5.81219244063881e-08,5.358651831930811e-10,7.585152622033539e-13,0.0008166300211911448
3.5831558738745837e-11,1.576189650054388e-07,9.112819779719745e-08,6.749380964654349e-12,2.2055915515294918e-10,2.824588766984736e-06,0.000256669420028777,0.0007700067029992503,3.027011773885214e-07,2.7828552695510944e-15,1.985834237534347e-09,2.1921423106247484e-09,2.8890851538539736e-12,5.813611433338754e-08,5.328226529967732e-10,7.216455273916083e-13,0.0008277959149900482
3.927281626586405e-11,1.5714745961597567e-07,9.161749985802675e-08,7.06446933836673e-12,2.153491398340631e-10,2.8250487977368093e-06,0.00025666941846541483,0.0007700062300546996,3.02700361513233e-07,3.2047151297165057e-15,1.9870017640669793e-09,2.178676180135119e-09,2.788268777785699e-12,5.814599929805148e-08,5.353316997758839e-10,6.853193370001226e-13,0.0008389618087889517
4.3962623893597184e-11,1.5672135826136085e-07,9.216681668605062e-08,7.461212680070834e-12,2.0856172247438697e-10,2.8254634532409578e-06,0.00025666941581457245,0.0007700057542179729,3.026995407120978e-07,3.894771899877743e-15,1.9882717612893795e-09,2.1640390199593404e-09,2.6892286567339625e-12,5.815009234636594e-08,5.446758340290115e-10,6.504813601643054e-13,0.0008501277025878551
5.0162941323548197e-11,1.5636836009718776e-07,9.274899020495616e-08,7.939947998958017e-12,2.0038828378636405e-10,2.825805419508384e-06,0.0002566694117592485,0.0007700053033379311,3.0269869401730113e-07,5.0262128507662154e-15,1.989621801331596e-09,2.1486706923622816e-09,2.603236375731683e-12,5.8146810499068216e-08,5.620018476574449e-10,6.184698327046147e-13,0.0008663124210528395
5.823104992712871e-11,1.5607261102080984e-07,9.335131840754076e-08,8.504647914890126e-12,1.9110491040720635e-10,2.8260900609701393e-06,0.0002566694059840532,0.0007700048758871438,3.026977234905026e-07,6.881509093104055e-15,1.991093855847056e-09,2.1323402973617647e-09,2.535479121102837e-12,5.81363132175998e-08,5.873279557984418e-10,5.876051280317757e-13,0.0008824971395178238
6.847075159776006e-11,1.5583756861253322e-07,9.394951377544868e-08,9.148395731486013e-12,1.8106369288804524e-10,2.8263139559037937e-06,0.00025666939815826147,0.0007700044858552859,3.0269656227321445e-07,9.89712295941275e-15,1.9926811560820143e-09,2.1152991548860364e-09,2.5131713535437208e-12,5.8117795302169053e-08,6.211777426094049e-10,5.579859760489434e-13,0.0008986818579828082
8.113872107814291e-11,1.556656100076925e-07,9.451698782744369e-08,9.856464334537949e-12,1.7071653525739935e-10,2.8264747088180323e-06,0.00025666938798031,0.0007700041476247991,3.0269526408007125e-07,1.480646659681904e-14,1.99436078813881e-09,2.0979197257322956e-09,2.4620841949179703e-12,5.809059087047843e-08,6.639294989527498e-10,5.302955990335001e-13,0.0009148665764477926
9.874978809377705e-11,1.555648289921779e-07,9.504140943786679e-08,1.0645155308584272e-11,1.6007989244803906e-10,2.826563649916685e-06,0.0002566693730659834,0.0007700038753891194,3.0269346495931647e-07,3.429820072233623e-14,1.9961793577629476e-09,2.079486874235983e-09,2.617626508846049e-12,5.804800142288554e-08,7.226217628030502e-10,5.032189721865348e-13,0.0009310512949127769
1.183632854816299e-10,1.5552941317246068e-07,9.547266751709368e-08,1.1410934407950043e-11,1.5041820011566625e-10,2.826587952586132e-06,0.00025666935602249746,0.0007700036851768985,3.0269145071018227e-07,6.55231796377705e-14,1.9979125438359545e-09,2.0622040077685724e-09,2.9241584214715894e-12,5.7997633349315256e-08,7.877907739212091e-10,4.794596352258787e-13,0.0009472360133777613
1.3778458952905344e-10,1.5552664609747361e-07,9.581514708246151e-08,1.2098330481930293e-11,1.4217295638099806e-10,2.8265807212107765e-06,0.0002566693389130159,0.0007700035541180609,3.026894311812628e-07,1.039367227078527e-13,1.999462734228831e-09,2.0468413392639777e-09,3.318868593359081e-12,5.794634853842797e-08,8.520233139008497e-10,4.589920658873639e-13,0.0009634207318427457
1.551329269899885e-10,1.5554216615139668e-07,9.606718889846179e-08,1.2661711764354365e-11,1.3569516401951312e-10,2.8265568866055047e-06,0.00025666932348054303,0.0007700034722461178,3.026876041170249e-07,1.4468040854987455e-13,2.000733699494143e-09,2.0342386223456206e-09,3.7447721380619905e-12,5.78996058440619e-08,9.092260087262278e-10,4.4255824288485756e-13,0.00097960545030773
1.6901785255002419e-10,1.5556472432096252e-07,9.623515583801636e-08,1.3076457299382222e-11,1.3109592925979674e-10,2.8265280558320957e-06,0.00025666931103461327,0.0007700034282195707,3.026861168749127e-07,1.8308866506791475e-13,2.001671398800276e-09,2.0248600509079846e-09,4.149873451909497e-12,5.786152844380854e-08,9.549606212322074e-10,4.3049369339358384e-13,0.0009957901687727144
1.786055939589715e-10,1.555861436694866e-07,9.633098314491414e-08,1.333821708594354e-11,1.2828467213815692e-10,2.8265025360826427e-06,0.000256669302384642,0.000770003410616501,3.026850583180269e-07,2.149957049709758e-13,2.0022646061407542e-09,2.018804375559329e-09,4.489656513329411e-12,5.7834688914890895e-08,9.866431288581914e-10,4.2274621114257387e-13,0.0009957903792638945
1.836910627546501e-10,1.556012327152031e-07,9.637021476085832e-08,1.3461309594875895e-11,1.2700298844766055e-10,2.8264854067402333e-06,0.00025666929776754576,0.000770003408959549,3.026844537086817e-07,2.3711806947730214e-13,2.0025442517809423e-09,2.015813967727453e-09,4.730251142010277e-12,5.7819899841362097e-08,1.0037379948342445e-09,4.1888899482755226e-13,0.0009957905897550745
1.8477273384647855e-10,1.5560776887557304e-07,9.637061984221951e-08,1.3477308773842556e-11,1.2686078806694546e-10,2.8264785175254123e-06,0.0002566692967722783,0.0007700034144779373,3.026842621342526e-07,2.4759425174629256e-13,2.002580627406261e-09,2.0152849789873973e-09,4.851379946699657e-12,5.781600954267943e-08,1.0079486388075697e-09,4.181379065053563e-13,0.0009957908002462545
1.8313235605098347e-10,1.5560661967689218e-07,9.63512064779921e-08,1.3431142764693464e-11,1.2736172356640219e-10,2.826480369583492e-06,0.00025666929825909787,0.0007700034207219514,3.0268437186740794e-07,2.4712246796380817e-13,2.002477314592566e-09,2.0162796357750973e-09,4.855871780956823e-12,5.78197349840655e-08,1.0033617310625075e-09,4.1931243286773066e-13,0.0009957910107374346
1.8083946377583604e-10,1.556020064658045e-07,9.633181024623995e-08,1.337691023201772e-11,1.2793594803845536e-10,2.8264858143708234e-06,0.0002566693003530197,0.0007700034239233308,3.0268463439441373e-07,2.4045745676794225e-13,2.002360078717459e-09,2.0175482239051096e-09,4.742854629135812e-12,5.782554323101621e-08,9.965793335321518e-10,4.210547601615239e-13,0.0009957912212286146
1.808516594215767e-10,1.5560200207408568e-07,9.633178723444792e-08,1.3373825370994462e-11,1.2793692527716067e-10,2.8264858218308314e-06,0.00025666930034139754,0.0007700034239292897,3.0268463701047583e-07,2.3972925806573243e-13,2.0023599956596196e-09,2.0175491531275505e-09,4.7433956652511055e-12,5.7825547479075604e-08,9.965713618581312e-10,4.2105323333132163e-13,0.0009957916422109747
1.808886166142601e-10,1.5560200408381823e-07,9.633159969791515e-08,1.3371206205798255e-11,1.2793744192043485e-10,2.826485822809626e-06,0.00025666930030444034,0.0007700034240255448,3.0268464043194324e-07,2.3980493830578693e-13,2.0023600311752893e-09,2.0175486892793384e-09,4.742557948264878e-12,5.7825544722353825e-08,9.965704641877278e-10,4.2105084548016997e-13,0.0009957920631933348
1.8099799691436483e-10,1.5560203281601302e-07,9.633107770743679e-08,1.3372034741042149e-11,1.2793487227978046e-10,2.826485792209526e-06,0.00025666930019557923,0.0007700034243226468,3.026846447072006e-07,2.403144801550854e-13,2.002360563194302e-09,2.017542477682283e-09,4.736973699619816e-12,5.7825513629290666e-08,9.966038878323896e-10,4.2104802699016887e-13,0.0009957955533614893
1.8119216550113468e-10,1.5560210249290927e-07,9.633023143740077e-08,1.3377869863964716e-11,1.2792709052400385e-10,2.8264857116129646e-06,0.000256669300003092,0.0007700034248334425,3.0268465001153435e-07,2.4111716410639693e-13,2.0023618559650495e-09,2.0175274958663797e-09,4.724674311221987e-12,5.782543947046153e-08,9.96691647896806e-10,4.2104565495335604e-13,0.0009957990435296438
1.8145484948510106e-10,1.556022034100071e-07,9.632911782161343e-08,1.3388761020750243e-11,1.2791514814426237e-10,2.8264855918998957e-06,0.0002566692997430448,0.0007700034255172869,3.026846552547542e-07,2.4207735236691977e-13,2.002363731800443e-09,2.01750580575061e-09,4.7068602285154555e-12,5.78253325836154e-08,9.968218818060494e-10,4.210445024157662e-13,0.0009958339452218468
1.8177259285167949e-10,1.5560235960869124e-07,9.632795768185818e-08,1.3404338469313824e-11,1.2789534372044143e-10,2.8264854024341346e-06,0.00025666929942980886,0.0007700034262940883,3.0268466283227375e-07,2.431215932647381e-13,2.002366634134393e-09,2.017472347412822e-09,4.681113059697044e-12,5.782516809458427e-08,9.970280241000002e-10,4.210454909813438e-13,0.0009958688469140498
1.821144214388522e-10,1.556025842866616e-07,9.632701120941556e-08,1.3422564938664124e-11,1.2786566294031034e-10,2.8264851269594342e-06,0.0002566692990948829,0.0007700034270503452,3.026846748507542e-07,2.4418035228565884e-13,2.002370801993517e-09,2.017424393041816e-09,4.6471515443292045e-12,5.7824932353520677e-08,9.97327860632626e-10,4.210483571754192e-13,0.0009959316176981758
1.8244893550269504e-10,1.5560287948118645e-07,9.632649396512263e-08,1.3441420378508686e-11,1.2782581774876823e-10,2.8264847634491022e-06,0.0002566692987698075,0.0007700034276807369,3.0268469174010073e-07,2.4517174274248043e-13,2.0023762653957613e-09,2.0173615972314743e-09,4.606538767767011e-12,5.782462331683973e-08,9.977235921684536e-10,4.21052078423336e-13,0.000995994388482302
1.8271028195185028e-10,1.5560313043147534e-07,9.632621555140614e-08,1.34570899370437e-11,1.2778998918178738e-10,2.8264844489854456e-06,0.00025666929851665904,0.0007700034281370551,3.026847113307893e-07,2.458857852321834e-13,2.0023809546067998e-09,2.017307911769586e-09,4.56711703033983e-12,5.7824360920879825e-08,9.980669618914864e-10,4.2106271465574256e-13,0.000996057159266428
1.8291778280571742e-10,1.5560345310602494e-07,9.632667315793491e-08,1.3468519495463274e-11,1.27743822986123e-10,2.826484046867501e-06,0.00025666929831997257,0.0007700034283158918,3.0268473829292495e-07,2.4649816338817454e-13,2.0023869683159543e-09,2.0172391047336652e-09,4.523391471836115e-12,5.7824023494508965e-08,9.985064471865358e-10,4.2107261564517605e-13,0.0009961691631019676
1.8314885787785095e-10,1.556039524031909e-07,9.632791927224745e-08,1.3477265767969596e-11,1.2767621691392837e-10,2.826483438042392e-06,0.0002566692981055458,0.0007700034283213657,3.02684772123127e-07,2.47406624940927e-13,2.0023961675165244e-09,2.0171334733284565e-09,4.472625739745326e-12,5.782350067023772e-08,9.991702744723995e-10,4.210689136954198e-13,0.0009962811669375071
1.831885907052637e-10,1.556040089338034e-07,9.632838117702509e-08,1.3479227639053678e-11,1.2764321682231543e-10,2.8264833231031493e-06,0.0002566692980697804,0.0007700034282001338,3.0268482757626324e-07,2.474156146345905e-13,2.002398967684576e-09,2.0171079259762514e-09,4.413309533335575e-12,5.782341118367314e-08,9.993422235802082e-10,4.211589210850645e-13,0.0009963931707730467
1.8366100380040724e-10,1.5560528299119466e-07,9.633202810036847e-08,1.3490132275781325e-11,1.2749521287897957e-10,2.8264818306880524e-06,0.00025666929763868465,0.0007700034279582998,3.026848498526199e-07,2.497746590280195e-13,2.0024214452653185e-09,2.016846002952272e-09,4.359792492948164e-12,5.782208482900021e-08,1.0009455305969945e-09,4.210469401963008e-13,0.0009965051746085862
1.8422968534688637e-10,1.5560681412925692e-07,9.63363420035942e-08,1.3503080024429157e-11,1.2732210951957135e-10,2.826480047772292e-06,0.00025666929711935197,0.000770003427696889,3.0268486427641837e-07,2.526512155408186e-13,2.002448223348098e-09,2.016533019017454e-09,4.308111718344549e-12,5.782049368429386e-08,1.0028547556389367e-09,4.208940415485938e-13,0.0009969130666753756
1.8506989690749993e-10,1.556091251069362e-07,9.634264181103964e-08,1.3522000231079706e-11,1.2708029971328675e-10,2.8264773903754756e-06,0.0002566692963519915,0.0007700034273768109,3.0268484785559435e-07,2.570137698023006e-13,2.002487216587219e-09,2.016071649049234e-09,4.269710704752826e-12,5.781811757968829e-08,1.005661823351448e-09,4.205946731755904e-13,0.000997320958742165
1.862475557127482e-10,1.5561239864527297e-07,9.635133425441535e-08,1.3548724921914596e-11,1.2675590799065764e-10,2.8264736564494388e-06,0.0002566692952759604,0.0007700034270091815,3.0268478986843987e-07,2.6321157558675827e-13,2.0025410840927282e-09,2.01542870273244e-09,4.250875034666625e-12,5.781477673332961e-08,1.0095684527873257e-09,4.2010746358627183e-13,0.0009977288508089543
1.8782857899313184e-10,1.5561681746530824e-07,9.636282606543217e-08,1.35850861231155e-11,1.263350588822163e-10,2.8264686439460268e-06,0.00025666929383061664,0.0007700034266051192,3.02684679593248e-07,2.715938866684852e-13,2.0026124849746798e-09,2.014570989751908e-09,4.257890290579589e-12,5.781029136336413e-08,1.0147763629993695e-09,4.1939104128962027e-13,0.0009998419170642592
1.8987888397915153e-10,1.5562256428808294e-07,9.637752397580094e-08,1.363291586086408e-11,1.2580387691849495e-10,2.8264621508170832e-06,0.0002566692919553181,0.0007700034261757426,3.026845063083116e-07,2.825099568217751e-13,2.002704078343127e-09,2.013465319792472e-09,4.297042054985361e-12,5.780448168793814e-08,1.0214872730403795e-09,4.1840403479461793e-13,0.0010000000000012221
